,ID,関連注釈ID,親注釈ID,頁数,注番,西暦,和暦,内容,補足（zakuro）,有効行,分類,月（計）,月（実）,月大小（計）,月大小（実）,中気番号（計）,中気番号（実）,中気（計）,中気（実）,中気移動先,中気移動元,干支（計）,干支（実）,西暦（計）,西暦（実）,干支番（計）,干支番（実）,日差分（補正なし）,日差分,中気（計）,中気（実）,中気差分
,49-1-1,-,-,49,1,553-5-28,欽明天皇 14年 5 大 壬戌 58.5997,-,改変なし（内容転記せず）,false,-,-,-,-,-,-,-,-,-,-,-,-,-,-,-,-,-,-,-,-,-,-
,54-1-1,-,-,54,1,570-5-21,欽明天皇 31年 閏4 小 甲申 20.0226,-,改変なし（内容転記せず）,false,-,-,-,-,-,-,-,-,-,-,-,-,-,-,-,-,-,-,-,-,-,-
,56-1-1,-,-,56,1,575-2-26,敏達天皇 4年 2 小 丙戌 22.3271,-,改変なし（内容転記せず）,false,-,-,-,-,-,-,-,-,-,-,-,-,-,-,-,-,-,-,-,-,-,-
,72-1-1,-,-,72,1,623-2-5,推古天皇 31年  1 大 丁丑 13.9641,-,改変なし（内容転記せず）,false,-,-,-,-,-,-,-,-,-,-,-,-,-,-,-,-,-,-,-,-,-,-
,72-1-2,-,-,72,1,624-1-26,推古天皇 32年  1 小 壬申 8.3311,-,改変なし（内容転記せず）,false,-,-,-,-,-,-,-,-,-,-,-,-,-,-,-,-,-,-,-,-,-,-
,74-1-1,-,-,74,1,628-5-9,推古天皇 36年 4 小 丁丑  13.4521,-,改変なし（内容転記せず）,false,-,-,-,-,-,-,-,-,-,-,-,-,-,-,-,-,-,-,-,-,-,-
,74-2-1,-,-,74,2,628-10-4,推古天皇 36年 9 小 乙巳  41.1051,-,改変なし（内容転記せず）,false,-,-,-,-,-,-,-,-,-,-,-,-,-,-,-,-,-,-,-,-,-,-
,81-1-1,-,-,81,1,649-5-17,大化 5年 4 小 乙亥  11.4043,-,改変なし（内容転記せず）,false,-,-,-,-,-,-,-,-,-,-,-,-,-,-,-,-,-,-,-,-,-,-
,81-2-1,-,-,81,2,649-6-15,大化 5年 5 大 甲辰  40.9348,-,改変なし（内容転記せず）,false,-,-,-,-,-,-,-,-,-,-,-,-,-,-,-,-,-,-,-,-,-,-
,95-1-0,-,95-1-1,95,-,692-11-14,持統 6年 10 小 壬戌 58.8590,-,-,true,-,-,-,大,小,-,-,-,-,-,-,-,-,-,-,-,-,-,-,-,-,-
,95-1-1,-,-,95,1,692-12-14,持統 6年 11 大 辛卯  28.3896,計算（元嘉暦による）では28壬辰となるが，書紀は11月辛卯朔，したがってユリウス暦は12月13日。,-,true,-,-,-,小,大,-,-,-,-,-,-,壬辰,辛卯,692-12-14,692-12-13,28,27,-1,-1,-,-,-
,96-1-0,-,96-1-1,96,-,696-11-30,持統 10年 11 大 己亥 35.3893,-,-,true,-,-,-,小,大,-,-,-,-,-,-,-,-,-,-,-,-,-,-,-,-,-
,96-1-1,-,-,96,1,696-12-29,持統 10年 12 小 己巳 4.9189,元嘉暦では4戊辰となるが，書紀は12月己巳朔，したがってユリウス暦は12月30日。,-,true,-,-,-,大,小,-,-,-,-,-,-,戊辰,己巳,696-12-29,696-12-30,4,5,1,1,-,-,-
,97-1-0,-,97-1-1,97,-,697-3-28,文武 1年 3 小 丁酉 33.5106,-,-,true,-,-,-,大,小,-,-,-,-,-,-,-,-,-,-,-,-,-,-,-,-,-
,97-1-1,97-0-1,-,97,1,697-4-27,文武 1年 4 大 丙寅  3.0412,元嘉暦では3丁卯となるが，書紀は4月丙寅朔，したがって4月朔のユリウス暦は4月26日。,-,true,-,-,-,小,大,-,-,-,-,-,-,丁卯,丙寅,697-4-27,697-4-26,3,2,-1,-1,-,-,-
,97-2-0,-,97-2-1,97,-,697-7-24,文武 1年 7 小 乙未 31.6330,-,-,true,-,-,-,大,小,-,-,-,-,-,-,-,-,-,-,-,-,-,-,-,-,-
,97-2-1,97-0-1,-,97,2,697-8-23,文武 1年 8 大 甲子 1.1636,元嘉暦では1乙丑，書紀も乙丑朔とあるが，ここは続日本紀にしたがって甲子とする。したがってユリウス暦は8月22日。,-,true,-,-,-,小,大,-,-,-,-,-,-,乙丑,甲子,697-8-23,697-8-22,1,0,-1,-1,-,-,-
,97-3-1,97-0-1,-,97,3,698-1-17,文武 1年 閏12 小 癸巳  28.8165,元嘉暦では28壬辰であるが，続日本紀に閏12月癸巳朔とある。したがってユリウス暦は1月18日となる。,-,true,-,12,閏12,大,小,-,-,-,-,-,-,壬辰,癸巳,698-1-17,698-1-18,28,29,1,1,-,-,-
,97-4-1,97-0-1,-,97,4,697-11-19,文武 1年 11 大 癸巳 29.7553,元嘉暦では閏10月と推算されるが，続日本紀により閏12月。,-,true,-,閏10,11,-,-,-,-,-,-,-,-,-,-,-,-,-,-,-,-,-,-,-
,97-4-2,97-0-1,97-4-1,97,4,697-12-19,文武 1年 12 大 癸亥 59.2859,-,-,true,-,11,12,小,大,-,-,-,-,-,-,-,-,-,-,-,-,-,-,-,-,-
,97-0-1,-,-,97,-,-,-,註. 1)〜4)は、儀鳳暦によればすべて合うものである。（儀鳳暦による計算値は本文529頁参照）,-,false,-,-,-,-,-,-,-,-,-,-,-,-,-,-,-,-,-,-,-,-,-,-
,98-1-1,-,-,98,1,698-10-10,文武 2年 9 大 戊午 54-325,-,改変なし（内容転記せず）,false,-,-,-,-,-,-,-,-,-,-,-,-,-,-,-,-,-,-,-,-,-,-
,100-1-1,-,-,100,1,704-5-9,慶雲 1年 4 小 丙辰  52-3,-,改変なし（内容転記せず）,false,-,-,-,-,-,-,-,-,-,-,-,-,-,-,-,-,-,-,-,-,-,-
,102-1-a,-,102-1-1,102,-,711-9-17,和銅 4年 8 大 癸卯 39-756,-,-,true,次月大小,-,-,小,大,-,-,-,-,-,-,-,-,-,-,-,-,-,-,-,-,-
,102-1-1,-,-,102,1,711-10-16,和銅 4年 9 小 癸酉 8-1330,計算では8（壬申）であるが，続紀に9月癸酉朔とある。計算B）では9（癸酉）−10となる。したがって9月朔のユリウス暦は10月17日である。,-,true,朔日相違,-,-,大,小,-,-,-,-,-,-,壬申,癸酉,711-10-16,711-10-17,8,9,1,1,-,-,-
,105-1-1,-,-,105,1,721-8-27,養老 5年 8 大 乙亥 11-1337,-,改変なし（内容転記せず）,false,-,-,-,-,-,-,-,-,-,-,-,-,-,-,-,-,-,-,-,-,-,-
,107-1-a,-,107-1-1,107,-,726-9-1,神亀 3年 8 大 丙午 42-230,-,-,true,次月大小,-,-,小,大,-,-,-,-,-,-,-,-,-,-,-,-,-,-,-,-,-
,107-1-1,-,-,107,1,726-9-30,神亀 3年 9 小 丙子 11-839,計算では11（乙亥）であるが，続日本紀8月に乙亥の日の記事があるから9月朔は丙子，したがってユリウス暦は10月1日となる。,-,true,朔日相違,-,-,大,小,-,-,-,-,-,-,乙亥,丙子,726-9-30,726-10-1,11,12,1,1,-,-,-
,108-1-1,-,-,108,1,728-2-15,神亀 5年 1 小 戊戌 34-275,-,改変なし（内容転記せず）,false,-,-,-,-,-,-,-,-,-,-,-,-,-,-,-,-,-,-,-,-,-,-
,108-2-1,-,-,108,2,729-3-5,天平 1年 2 小 壬戌 58-7,-,改変なし（内容転記せず）,false,-,-,-,-,-,-,-,-,-,-,-,-,-,-,-,-,-,-,-,-,-,-
,109-1-a,-,109-1-1,109,-,731-7-9,天平 3年 6 小 戊寅  14-456,-,-,true,次月大小,-,-,大,小,-,-,-,-,-,-,-,-,-,-,-,-,-,-,-,-,-
,109-1-1,-,-,109,1,731-8-8,天平 3年 7 大 丁未  44-5,計算A），C）では44戊申，B）では43丁未，「皇后宮職移」「同　職解」＊に7月30日の記事あり，「倉橋部造麻呂書写法経玄賛願文」＊に8月朔丁丑とあることから丁未とする。ユリウス暦では8月7日となる。,-,true,朔日相違,-,-,小,大,-,-,-,-,-,-,戊申,丁未,731-8-8,731-8-7,44,43,-1,-1,-,-,-
,109-2-a,109-a-1,109-2-1,109,-,733-2-19,天平 5年 2 大 己巳  5-668,-,-,true,次月大小,-,-,小,大,-,-,-,-,-,-,-,-,-,-,-,-,-,-,-,-,-
,109-2-1,109-a-1,-,109,2,733-3-20,天平 5年 3 小 己亥 34-1237,2月朔を計算通り己巳とすれば，「写経目録」＊「出雲風土記」に2月30日があるから3月朔は己亥となり，ユリウス暦は3月21となる。,-,true,朔日相違,-,-,大,小,-,-,-,-,-,-,戊戌,己亥,733-3-20,733-3-21,34,35,1,1,-,-,-
,109-a-1,-,-,109,-,-,-,＊　岡田芳朗氏「古文書による奈良時代暦日の復原」日本史攷究13，1969による,-,false,-,-,-,-,-,-,-,-,-,-,-,-,-,-,-,-,-,-,-,-,-,-
,110-1-1,-,-,110,1,734-10-31,天平 6年 10 大 戊子 24-1209,-,改変なし（内容転記せず）,false,-,-,-,-,-,-,-,-,-,-,-,-,-,-,-,-,-,-,-,-,-,-
,110-1-2,-,-,110,1,734-11-30,天平 6年 11 大 戊午 54-882,-,改変なし（内容転記せず）,false,-,-,-,-,-,-,-,-,-,-,-,-,-,-,-,-,-,-,-,-,-,-
,110-2-1,-,-,110,2,736-2-16,天平 8年 1 大 辛巳 17-1338,-,改変なし（内容転記せず）,false,-,-,-,-,-,-,-,-,-,-,-,-,-,-,-,-,-,-,-,-,-,-
,110-3-1,-,-,110,3,737-1-6,天平 8年 12 小 丙午 42-387,-,改変なし（内容転記せず）,false,-,-,-,-,-,-,-,-,-,-,-,-,-,-,-,-,-,-,-,-,-,-
,111-1-1,-,-,111,1,737-2-4,天平 9年 1 大 乙亥  11-1333,-,改変なし（内容転記せず）,false,-,-,-,-,-,-,-,-,-,-,-,-,-,-,-,-,-,-,-,-,-,-
,112-1-1,-,-,112,1,743-1-1,天平 14年 12 小 壬申 8-258,-,改変なし（内容転記せず）,false,-,-,-,-,-,-,-,-,-,-,-,-,-,-,-,-,-,-,-,-,-,-
,113-2-1,-,-,113,2,743-1-30,天平 15年 1 大 辛丑 37-1147,-,改変なし（内容転記せず）,false,-,-,-,-,-,-,-,-,-,-,-,-,-,-,-,-,-,-,-,-,-,-
,113-3-a,-,113-3-1,113,-,743-9-23,天平 15年 9 大 丁酉 33-47,-,-,true,次月大小,-,-,小,大,-,-,-,-,-,-,-,-,-,-,-,-,-,-,-,-,-
,113-3-1,-,-,113,3,743-10-22,天平 15年 10 小 丁卯 2-953,"計算は2丙寅, 続日本紀10月辛巳条によりこの日は15日と考えられる。15日辛巳なら丁卯朔となる。したがってユリウス暦日は10月23日になる。",-,true,朔日相違,-,-,大,小,-,-,-,-,-,-,丙寅,丁卯,743-10-22,743-10-23,2,3,1,1,-,-,-
,113-1-1,-,-,113,1,744-12-9,天平 16年 11 小 庚申 56-333,-,改変なし（内容転記せず）,false,-,-,-,-,-,-,-,-,-,-,-,-,-,-,-,-,-,-,-,-,-,-
,113-1-2,-,-,113,1,745-1-7,天平 16年 12 大 己丑 25-1336,-,改変なし（内容転記せず）,false,-,-,-,-,-,-,-,-,-,-,-,-,-,-,-,-,-,-,-,-,-,-
,115-1-1,-,-,115,1,751-12-22,天平勝宝 3年 12 大 己酉 45-1336,-,改変なし（内容転記せず）,false,-,-,-,-,-,-,-,-,-,-,-,-,-,-,-,-,-,-,-,-,-,-
,117-1-1,-,-,117,1,755-11-8,天平勝宝 7年 10 大 丙戌 22-1326,-,改変なし（内容転記せず）,false,-,-,-,-,-,-,-,-,-,-,-,-,-,-,-,-,-,-,-,-,-,-
,117-2-a,-,117-2-1,117,-,756-12-26,天平勝宝 8年 12 大 庚辰 16-705,-,-,true,次月大小,-,-,小,大,-,-,-,-,-,-,-,-,-,-,-,-,-,-,-,-,-
,117-2-1,-,-,117,2,757-1-24,天平宝字 1年 1 小 庚戌 45-1308,続日本紀にしたがって庚戌（46）とした。計算は B）C）共に45（己酉）で、あとわずかで46庚戌に足りない。司暦の誤算か？　正月朔のユリウス暦日は1月25日となる。,-,true,朔日相違,-,-,大,小,-,-,-,-,-,-,己酉,庚戌,757-1-24,757-1-25,45,46,1,1,-,-,-
,118-1-a,-,118-1-1,118,-,760-7-17,天平宝字 4年 6 小 己未 55-714,-,-,true,次月大小,-,-,大,小,-,-,-,-,-,-,-,-,-,-,-,-,-,-,-,-,-
,118-1-1,-,-,118,1,760-8-16,天平宝字 4年 7 大 戊子 25-3,計算は己丑とでるが続日本紀により7月朔戊子，B）では24（戊子）−1338、C）24−1334となる。したがって7月朔のユリウス暦日は8月15日である。,-,true,朔日相違,-,-,小,大,-,-,-,-,-,-,己丑,戊子,760-8-16,760-8-15,25,24,-1,-1,-,-,-
,119-1-a,-,119-1-1,119,-,761-8-5,天平宝字 5年 7 大 癸未  19-625,-,-,true,次月大小,-,-,小,大,-,-,-,-,-,-,-,-,-,-,-,-,-,-,-,-,-
,119-1-1,-,-,119,1,761-9-3,天平宝字 5年 8 小 癸丑 48-1160,計算は48壬子であるが続日本紀には癸丑とある。したがって8月朔のユリウス暦日は9月4日である。,-,true,朔日相違,-,-,大,小,-,-,-,-,-,-,壬子,癸丑,761-9-3,761-9-4,48,49,1,1,-,-,-
,119-2-a,-,119-2-1,119,-,761-12-31,天平宝字 5年 12 小 辛亥 47-748,-,-,true,次月大小,-,-,大,小,-,-,-,-,-,-,-,-,-,-,-,-,-,-,-,-,-
,119-2-1,-,-,119,2,762-1-30,天平宝字 6年 1 大 庚辰 17-451,計算では正月朔は17辛巳である。この日食分5分の日食があり，元旦の日食を避けるため，朔を1月前の庚辰にした。そのため2月辛亥も庚戌にしなければ正月が31日となってしまう。したがってユリウス暦日は正月朔1月29日，2月朔は2月28日となる。この処置で日食は正月2日になった。,-,true,朔日相違,-,-,大,大,-,-,-,-,-,-,辛巳,庚辰,762-1-30,762-1-29,17,16,-1,-1,-,-,-
,119-2-2,-,119-2-1,119,2,762-3-1,天平宝字 6年 2 大 庚戌 47-85,-,-,true,朔日相違,-,-,小,大,-,-,-,-,-,-,辛亥,庚戌,762-3-1,762-2-28,47,46,-1,-1,-,-,-
,119-3-a,-,119-3-1,119,-,762-12-20,天平宝字 6年 12 大 乙巳 41-791,-,変更なし,false,-,-,-,-,-,-,-,-,-,-,-,-,-,-,-,-,-,-,-,-,-,-
,119-3-1,119-5-1,-,119,3,763-1-19,天平宝字 6年 閏12 小 乙亥 11-439,計算では閏正月となる。続日本紀によれば，閏は前年，天平宝字6年12月におかれている。したがって計算の1月は天平宝字6年閏12月である。,-,true,閏年相違,1,閏12,大,小,4,-,-,-,763-2-18,-,-,-,-,-,-,-,-,-,-,-,-
,119-4-1,119-5-1,-,119,4,763-2-18,天平宝字 7年 1 大 甲辰  41-130,3）により閏正月は普通の正月に変えられた。,-,true,閏年相違,閏1,1,小,大,-,4,-,-,-,763-1-19,乙巳,甲辰,763-2-18,763-2-17,41,40,-1,-1,-,-,-
,119-5-1,-,-,119,5,763-2-18,天平宝字 7年 1 大 甲辰  41-130,計算では41乙巳であるが，中気のない月を閏月とするという規則と矛盾しないように，40甲辰になった。こうすると正月中雨水と同じ干支となる。即ち雨水が元旦になり，その前月に中気がなくなる。元旦のユリウス暦日は2月17日となる。,変更なし,true,-,-,-,-,-,-,-,-,-,-,-,-,-,-,-,-,-,-,-,-,-,-
,120-1-a,-,120-1-1,120,-,766-4-14,天平神護 2年 3 大 丙辰 52-1182,-,-,true,次月大小,-,-,小,大,-,-,-,-,-,-,-,-,-,-,-,-,-,-,-,-,-
,120-1-1,-,-,120,1,766-5-13,天平神護 2年 4 小 丙戌 21-2848,続日本紀に4月朔の干支はないが，3月に乙酉の記事があるから，進朔したと考えられる。丙戌朔とすればユリウス暦日は5月14日となる。,-,true,朔日相違,-,-,大,小,-,-,-,-,-,-,乙酉,丙戌,766-5-13,766-5-14,21,22,1,1,-,-,-
,121-1-1,-,-,121,1,768-6-19,神護景雲 2年 6 大 癸酉  9-1691,続日本紀に閏6月があるから計算上の閏5月は，6月となる。,-,true,次月大小,閏5,6,小,大,-,14,-,-,-,768-7-18,-,-,-,-,-,-,-,-,-,-,-
,121-2-1,-,-,121,2,768-7-18,神護景雲 2年 閏6 小 癸卯 38-2994,閏6月ならば中気のない月を閏にするという規則から，計算の壬寅は進朔して癸卯になるはずである。したがって閏6月朔のユリウス暦日は7月19日となる。,-,true,進朔,6,閏6,大,小,14,-,-,-,768-6-19,-,壬寅,癸卯,768-7-18,768-7-19,38,39,1,1,-,-,-
,121-3-1,-,-,121,3,769-10-4,神護景雲 3年 9 大 乙丑 1-2890,-,改変なし（内容転記せず）,false,-,-,-,-,-,-,-,-,-,-,-,-,-,-,-,-,-,-,-,-,-,-
,122-1-1,-,-,122,1,770-2-1,宝亀 1年 1 小 乙丑 1-24,-,改変なし（内容転記せず）,false,-,-,-,-,-,-,-,-,-,-,-,-,-,-,-,-,-,-,-,-,-,-
,122-2-1,-,-,122,2,770-5-29,宝亀 1年 5 大 壬戌 58-2814,-,改変なし（内容転記せず）,false,-,-,-,-,-,-,-,-,-,-,-,-,-,-,-,-,-,-,-,-,-,-
,122-1-a,-,123-1-1,122,-,772-12-29,宝亀 3年 12 大 丁未 43-949,-,-,true,次月大小,-,-,小,大,-,-,-,-,-,-,-,-,-,-,-,-,-,-,-,-,-
,123-1-1,-,-,123,1,773-1-27,宝亀 4年 1 小 丁丑 12-2866,"計算では12丙子, 続日本紀に丁丑朔とある。したがって正月朔のユリウス暦日は1月28日。",-,true,朔日相違,-,-,大,小,-,-,-,-,-,-,丙子,丁丑,773-1-27,773-1-28,12,13,1,1,-,-,-
,123-2-1,-,-,123,2,773-4-26,宝亀 4年 4 大 乙巳 41-2916,-,改変なし（内容転記せず）,false,-,-,-,-,-,-,-,-,-,-,-,-,-,-,-,-,-,-,-,-,-,-
,123-3-a,-,123-3-1,123,-,773-9-21,宝亀 4年 9 大 癸酉  9-1649,-,-,true,次月大小,-,-,小,大,-,-,-,-,-,-,-,-,-,-,-,-,-,-,-,-,-
,123-3-1,-,-,123,3,773-10-20,宝亀 4年 10 小 癸卯 38-2896,"計算では38壬寅, 続日本紀に癸卯朔とある。したがって10月朔のユリウス暦日は10月21日。",-,true,朔日相違,-,-,大,小,-,-,-,-,-,-,壬寅,癸卯,773-10-20,773-10-21,38,39,1,1,-,-,-
,123-4-a,-,123-4-1,123,-,774-1-17,宝亀 4年 12 大 辛未  7-1018,-,-,true,次月大小,-,-,小,大,-,-,-,-,-,-,-,-,-,-,-,-,-,-,-,-,-
,123-4-1,-,-,123,4,774-2-15,宝亀 5年 1 小 辛丑 36-2593,"計算では36庚子, 続日本紀に辛丑朔とある。したがって正月朔のユリウス暦日は2月16日。",-,true,朔日相違,-,-,大,小,-,-,-,-,-,-,庚子,辛丑,774-2-15,774-2-16,36,37,1,1,-,-,-
,123-5-1,-,-,123,5,775-1-6,宝亀 5年 12 大 乙丑 1-2896,-,改変なし（内容転記せず）,false,-,-,-,-,-,-,-,-,-,-,-,-,-,-,-,-,-,-,-,-,-,-
,123-6-a,-,123-6-1,123,-,775-6-3,宝亀 6年 5 大 癸巳 29-1075,-,-,true,次月大小,-,-,小,大,-,-,-,-,-,-,-,-,-,-,-,-,-,-,-,-,-
,123-6-1,-,-,123,6,775-7-2,宝亀 6年 6 小 癸亥  58-2800,"計算では58壬戌, 続日本紀に癸亥朔とある。したがって6月朔のユリウス暦日は7月3日。",-,true,朔日相違,-,-,大,小,-,-,-,-,-,-,壬戌,癸亥,775-7-2,775-7-3,58,59,1,1,-,-,-
,123-7-a,-,123-7-1,123,-,775-8-31,宝亀 6年 8 大 壬戌 58-659,-,-,true,次月大小,-,-,小,大,-,-,-,-,-,-,-,-,-,-,-,-,-,-,-,-,-
,123-7-1,-,-,123,7,775-9-29,宝亀 6年 9 小 壬辰  27-2606,"計算では27辛卯, 続日本紀に壬戌朔とある。したがって9月朔のユリウス暦日は9月30日。この9月朔の干支はないが，続紀8月に辛卯の記事が見えるから。",-,true,朔日相違,-,-,大,小,-,-,-,-,-,-,辛卯,壬辰,775-9-29,775-9-30,27,28,1,1,-,-,-
,124-1-a,-,124-1-1,124,-,776-8-19,宝亀 7年 8 大 丙辰 52-763,-,-,true,次月大小,閏7,8,小,大,-,18,-,-,-,776-9-17,-,-,-,-,-,-,-,-,-,-,-
,124-1-1,-,-,124,1,776-9-17,宝亀 7年 閏8 小 丙戌 21-2885,計算では21乙酉で閏7月となるが，続日本紀に閏8月とある。そのためには置閏の法則に従うために閏8月朔は進朔して22丙戌にしているはずである。閏8月朔のユリウス暦日は9月18日となる。,-,true,進朔,8,閏8,大,小,18,-,-,-,776-8-19,-,乙酉,丙戌,776-9-17,776-9-18,21,22,1,1,-,-,-
,124-2-a,-,124-2-1,124,-,777-3-14,宝亀 8年 2 大 癸未 19-1672,-,-,true,次月大小,-,-,小,大,-,-,-,-,-,-,-,-,-,-,-,-,-,-,-,-,-
,124-2-1,-,-,124,2,777-4-12,宝亀 8年 3 小 癸丑 48-2671,計算では48壬子，続日本紀には癸丑朔とある。したがって3月朔のユリウス暦日は4月13日である。,-,true,朔日相違,-,-,大,小,-,-,-,-,-,-,壬子,癸丑,777-4-12,777-4-13,48,49,1,1,-,-,-
,124-3-a,-,124-3-1,124,-,777-6-10,宝亀 8年 5 大 辛亥 47-1602,-,-,true,次月大小,-,-,小,大,-,-,-,-,-,-,-,-,-,-,-,-,-,-,-,-,-
,124-3-1,-,-,124,3,777-7-9,宝亀 8年 6 小 辛巳 16-2714,計算では16庚辰，続日本紀には辛巳朔とある。したがって6月朔のユリウス暦日は7月10日である。,-,true,朔日相違,-,-,大,小,-,-,-,-,-,-,庚辰,辛巳,777-7-9,777-7-10,16,17,1,1,-,-,-
,124-4-1,-,-,124,4,777-9-6,宝亀 8年 8 大 己卯 15-3014,-,改変なし（内容転記せず）,false,-,-,-,-,-,-,-,-,-,-,-,-,-,-,-,-,-,-,-,-,-,-
,124-5-1,-,-,124,5,778-1-3,宝亀 8年 12 大 戊寅 14-2943,-,改変なし（内容転記せず）,false,-,-,-,-,-,-,-,-,-,-,-,-,-,-,-,-,-,-,-,-,-,-
,124-6-a,-,124-6-1,124,-,778-4-2,宝亀 9年 3 大 丁未 43-1777,-,-,true,次月大小,-,-,小,大,-,-,-,-,-,-,-,-,-,-,-,-,-,-,-,-,-
,124-6-1,-,-,124,6,778-5-1,宝亀 9年 4 大 丁丑 12-2816,計算では4月朔丙子，5月朔丙午，6月朔乙亥，7月朔甲辰であるが，続日本紀には3月に丙子，4月に丙午の記事がある。そうすると4月朔丁丑，5月朔丁未と考えざるを得ない。続日本紀にある8月朔甲戌と5月朔丁未から6月朔丙子，7月朔乙巳は定ってしまう。4月から7月までの朔干支はこのように決めたが，そうすると5月から8月まで4か月小の月が続く。計算上4小は絶対に生じない。果して前例にない4小などが実施されたろうか？　疑問とするところである。上記のように4月から7月まで丁丑・丁未・丙子・乙巳をとればそれぞれのユリウス暦日は5月2日，6月1日，6月30日，7月29日となる。,-,true,朔日相違,-,-,大,大,-,-,-,-,-,-,丙子,丁丑,778-5-1,778-5-2,12,13,1,1,-,-,-
,124-6-2,-,124-6-1,124,6,778-5-31,宝亀 9年 5 小 丁未 42-598,-,-,true,朔日相違,-,-,小,小,-,-,-,-,-,-,丙午,丁未,778-5-31,778-6-1,42,43,1,1,-,-,-
,124-6-3,-,124-6-1,124,6,778-6-29,宝亀 9年 6 小 丙子 11-1397,-,-,true,朔日相違,-,-,小,小,-,-,-,-,-,-,乙亥,丙子,778-6-29,778-6-30,11,12,1,1,-,-,-
,124-6-4,-,124-6-1,124,6,778-7-28,宝亀 9年 7 小 乙巳 40-2429,-,-,true,朔日相違,-,-,大,小,-,-,-,-,-,-,甲辰,乙巳,778-7-28,778-7-29,40,41,1,1,-,-,-
,125-1-a,-,125-1-1,125,-,779-4-21,宝亀 10年 4 大 辛未  7-1700,-,-,true,次月大小,-,-,小,大,-,-,-,-,-,-,-,-,-,-,-,-,-,-,-,-,-
,125-1-1,-,-,125,1,779-5-20,宝亀 10年 5 小 辛丑 36-2820,計算では36庚子であるが続日本紀4月に庚子の記事があるから進朔して37辛丑，5月朔のユリウス暦日は5月21日となる。,-,true,朔日相違,-,-,大,小,-,-,-,-,-,-,庚子,辛丑,779-5-20,779-5-21,36,37,1,1,-,-,-
,125-2-a,-,125-2-1,125,-,779-12-13,宝亀 10年 11 大 丁卯  3-54,-,-,true,次月大小,-,-,小,大,-,-,-,-,-,-,-,-,-,-,-,-,-,-,-,-,-
,125-2-1,-,-,125,2,780-1-11,宝亀 10年 12 大 丁酉 32-2481,計算では32丙申であるが翌月の正月が続日本紀によると丁卯朔となっているから，12月丁酉朔にしないと12月が31日になる。したがって12月朔のユリウス暦日は1月12日。,-,true,朔日相違,-,-,大,大,-,-,-,-,-,-,丙申,丁酉,780-1-11,780-1-12,32,33,1,1,-,-,-
,125-3-1,-,-,125,3,780-2-10,宝亀 11年 1 小 丁卯  2-1828,計算では2丙寅，続日本紀は正月朔丁卯，したがって正月朔のユリウス暦日は2月11日。,-,true,朔日相違,-,-,大,小,-,-,-,-,-,-,丙寅,丁卯,780-2-10,780-2-11,2,3,1,1,-,-,-
,125-4-a,-,125-4-1,125,-,780-3-11,宝亀 11年 2 大 丙申  32-954,-,-,true,次月大小,-,-,小,大,-,-,-,-,-,-,-,-,-,-,-,-,-,-,-,-,-
,125-4-1,-,-,125,4,780-4-9,宝亀 11年 3 小 丙寅  1-2852,計算では1乙丑，続日本紀は3月朔丙寅，したがって3月朔のユリウス暦日は4月10日。,日本暦日原典の誤り。「したがって正月朔」ではなく「したがって3月朔」,true,朔日相違,-,-,大,小,-,-,-,-,-,-,乙丑,丙寅,780-4-9,780-4-10,1,2,1,1,-,-,-
,125-5-a,-,125-5-1,125,-,780-12-1,宝亀 11年 11 大 辛酉  57-569,-,-,true,次月大小,-,-,小,大,-,-,-,-,-,-,-,-,-,-,-,-,-,-,-,-,-
,125-5-1,-,-,125,5,780-12-30,宝亀 11年 12 大 辛卯 26-2711,続紀に朔干支はないが，翌正月が辛酉朔であるから，ここは進朔して辛卯とすべきであろう。したがって12月朔のユリウス暦日は12月31日。,-,true,朔日相違,-,-,大,大,-,-,-,-,-,-,庚寅,辛卯,780-12-30,780-12-31,26,27,1,1,-,-,-
,125-6-1,-,-,125,6,781-1-29,天応 1年 1 小 辛酉 56-1857,計算では56庚申であるが，続日本紀は辛酉朔とある。したがって正月朔のユリウス暦日は1月30日。,-,true,朔日相違,-,-,大,小,-,-,-,-,-,-,庚申,辛酉,781-1-29,781-1-30,56,57,1,1,-,-,-
,126-1-1,-,-,126,1,782-10-11,延暦 1年 9 大 庚辰 16-2808,-,改変なし（内容転記せず）,false,-,-,-,-,-,-,-,-,-,-,-,-,-,-,-,-,-,-,-,-,-,-
,126-2-a,-,126-2-1,126,-,783-3-8,延暦 2年 2 大 戊申 44-883,-,-,true,次月大小,-,-,小,大,-,-,-,-,-,-,-,-,-,-,-,-,-,-,-,-,-
,126-2-1,-,-,126,2,783-4-6,延暦 2年 3 小 戊寅 13-2656,"計算では13丁丑, 続日本紀に戊寅朔とある。したがって3月朔のユリウス暦日は4月7日となる。",-,true,朔日相違,-,-,大,小,-,-,-,-,-,-,丁丑,戊寅,783-4-6,783-4-7,13,14,1,1,-,-,-
,126-3-a,-,126-3-1,126,-,783-8-3,延暦 2年 7 大 丙子 12-928,-,-,true,次月大小,-,-,小,大,-,-,-,-,-,-,-,-,-,-,-,-,-,-,-,-,-
,126-3-1,-,-,126,3,783-9-1,延暦 2年 8 小 丙午 41-2713,"計算では41乙巳, 続日本紀に丙午朔とある。したがって8月朔のユリウス暦日は9月2日となる。",-,true,朔日相違,-,-,大,小,-,-,-,-,-,-,乙巳,丙午,783-9-1,783-9-2,41,42,1,1,-,-,-
,126-4-a,-,126-4-1,126,-,783-10-1,延暦 2年 9 大 乙亥  11-1370,-,-,true,次月大小,-,-,小,大,-,-,-,-,-,-,-,-,-,-,-,-,-,-,-,-,-
,126-4-1,-,-,126,4,783-10-30,延暦 2年 10 小 乙巳 40-2894,"計算では40甲辰, 続日本紀に乙巳朔とある。したがって10月朔のユリウス暦日は10月31日となる。",-,true,朔日相違,-,-,大,小,-,-,-,-,-,-,甲辰,乙巳,783-10-30,783-10-31,40,41,1,1,-,-,-
,126-5-1,-,-,126,5,783-12-28,延暦 2年 12 大 癸卯 39-2806,-,改変なし（内容転記せず）,false,-,-,-,-,-,-,-,-,-,-,-,-,-,-,-,-,-,-,-,-,-,-
,126-6-1,-,-,126,6,784-11-17,延暦 3年 10 大 戊辰  4-2886,-,改変なし（内容転記せず）,false,-,-,-,-,-,-,-,-,-,-,-,-,-,-,-,-,-,-,-,-,-,-
,126-7-1,-,-,126,7,784-12-17,延暦 3年 11 大 戊戌 34-1579,-,改変なし（内容転記せず）,false,-,-,-,-,-,-,-,-,-,-,-,-,-,-,-,-,-,-,-,-,-,-
,127-1-a,-,127-1-1,127,-,785-5-13,延暦 4年 4 大 乙丑  1-1760,-,-,true,次月大小,-,-,小,大,-,-,-,-,-,-,-,-,-,-,-,-,-,-,-,-,-
,127-1-1,-,-,127,1,785-6-11,延暦 4年 5 小 乙未 30-3026,"計算では30甲午, 続紀により乙未，したがって5月朔のユリウス暦日は6月12日である。",-,true,朔日相違,-,-,大,小,-,-,-,-,-,-,甲午,乙未,785-6-11,785-6-12,30,31,1,1,-,-,-
,127-2-a,-,127-2-1,127,-,785-11-7,延暦 4年 10 大 癸亥 59-538,-,-,true,次月大小,-,-,小,大,-,-,-,-,-,-,-,-,-,-,-,-,-,-,-,-,-
,127-2-1,-,-,127,2,785-12-6,延暦 4年 11 小 癸巳 28-2684,"計算では28壬辰, 続紀により癸巳，したがって11月朔のユリウス暦日は12月7日である。",-,true,朔日相違,-,-,大,小,-,-,-,-,-,-,壬辰,癸巳,785-12-6,785-12-7,28,29,1,1,-,-,-
,127-3-a,-,127-3-1,127,-,786-6-1,延暦 5年 5 大 己丑 25-1553,-,-,true,次月大小,-,-,小,大,-,-,-,-,-,-,-,-,-,-,-,-,-,-,-,-,-
,127-3-1,-,-,127,3,786-6-30,延暦 5年 6 小 己未 54-2569,"計算では54戊午, 続紀により己未，したがって6月朔のユリウス暦日は7月1日である。",-,true,朔日相違,-,-,大,小,-,-,-,-,-,-,戊午,己未,786-6-30,786-7-1,54,55,1,1,-,-,-
,127-4-1,-,-,127,4,786-11-25,延暦 5年 11 大 丙戌 22-3007,-,改変なし（内容転記せず）,false,-,-,-,-,-,-,-,-,-,-,-,-,-,-,-,-,-,-,-,-,-,-
,127-5-a,-,127-5-1,127,-,787-3-24,延暦 6年 3 大 乙酉 21-1664,-,-,true,次月大小,-,-,小,大,-,-,-,-,-,-,-,-,-,-,-,-,-,-,-,-,-
,127-5-1,-,-,127,5,787-4-22,延暦 6年 4 小 乙卯  50-2822,"計算では50甲寅, 続紀により乙卯，したがって4月朔のユリウス暦日は4月23日である。",-,true,朔日相違,-,-,大,小,-,-,-,-,-,-,甲寅,乙卯,787-4-22,787-4-23,50,51,1,1,-,-,-
,127-6-1,-,-,127,6,787-11-14,延暦 6年 10 大 庚辰 16-2974,-,改変なし（内容転記せず）,false,-,-,-,-,-,-,-,-,-,-,-,-,-,-,-,-,-,-,-,-,-,-
,128-1-1,-,-,128,1,788-3-12,延暦 7年 2 大 己卯 15-2959,-,改変なし（内容転記せず）,false,-,-,-,-,-,-,-,-,-,-,-,-,-,-,-,-,-,-,-,-,-,-
,128-2-a,-,128-2-1,128,-,790-8-15,延暦 9年 7 大 乙丑  1-1465,-,-,true,次月大小,-,-,小,大,-,-,-,-,-,-,-,-,-,-,-,-,-,-,-,-,-
,128-2-1,-,-,128,2,790-9-13,延暦 9年 8 小 乙未 30-2600,"計算は30甲午, 続紀により乙未，したがって8月朔のユリウス暦日は9月14日。",-,true,朔日相違,-,-,大,小,-,-,-,-,-,-,甲午,乙未,790-9-13,790-9-14,30,31,1,1,-,-,-
,128-3-a,-,-,128,-,790-2-19,延暦 9年 2 大 戊辰 4-402,-,-,true,次月大小,-,-,小,大,-,-,-,-,-,-,-,-,-,-,-,-,-,-,-,-,-
,128-3-1,-,-,128,1,790-3-20,延暦 9年 3 小 戊戌 33-2598,"計算では丁酉朔, 類聚国史歳時4, 3月3日の条より3月戊戌朔, ユリウス暦は3月21日。",-,true,朔日相違,-,-,大,小,-,-,-,-,-,-,丁酉,戊戌,790-3-20,790-3-21,33,34,1,1,-,-,-
,129-1-a,-,129-1-1,129,-,791-7-6,延暦 10年 6 大 庚寅 26-1274,-,-,true,次月大小,-,-,小,大,-,-,-,-,-,-,-,-,-,-,-,-,-,-,-,-,-
,129-1-1,-,-,129,1,791-8-4,延暦 10年 7 小 庚申 55-2892,"計算では55己未, 続日本紀により庚申，したがって7月朔のユリウス暦日は8月5日。",-,true,朔日相違,-,-,大,小,-,-,-,-,-,-,己未,庚申,791-8-4,791-8-5,55,56,1,1,-,-,-
,129-2-a,-,129-2-1,129,-,792-2-27,延暦 11年 2 大 丙戌 22-583,-,-,true,次月大小,-,-,小,大,-,-,-,-,-,-,-,-,-,-,-,-,-,-,-,-,-
,129-2-1,-,-,129,2,792-3-27,延暦 11年 3 小 丙辰 51-2238,計算では51乙卯であるが類聚国史2月の條に乙卯があるから丙辰とする。3月丙辰朔とすればそのユリウス暦日は3月28日となる。,-,true,朔日相違,-,-,大,小,-,-,-,-,-,-,乙卯,丙辰,792-3-27,792-3-28,51,52,1,1,-,-,-
,129-3-a,-,129-3-1,129,-,792-9-21,延暦 11年 9 大 癸丑 49-1025,-,-,true,次月大小,-,-,小,大,-,-,-,-,-,-,-,-,-,-,-,-,-,-,-,-,-
,129-3-1,-,-,129,3,792-10-20,延暦 11年 10 小 癸未 18-2659,計算では18壬午，日本紀略により癸未，したがって10月朔のユリウス暦日は10月21日。,-,true,朔日相違,-,-,大,小,-,-,-,-,-,-,壬午,癸未,792-10-20,792-10-21,18,19,1,1,-,-,-
,129-4-a,-,129-4-1,129,-,792-11-19,延暦 11年 11 大 壬子 48-1153,-,-,true,次月大小,-,-,小,大,-,-,-,-,-,-,-,-,-,-,-,-,-,-,-,-,-
,129-4-1,-,-,129,4,792-12-18,延暦 11年 閏11 小 壬午 17-2671,計算では17辛巳，日本紀略により壬午，したがって閏11月朔のユリウス暦日は12月19日。,-,true,朔日相違,-,-,大,小,-,-,-,-,-,-,辛巳,壬午,792-12-18,792-12-19,17,18,1,1,-,-,-
,129-5-1,-,-,129,5,794-1-6,延暦 12年 12 大 乙巳 41-2974,-,改変なし（内容転記せず）,false,-,-,-,-,-,-,-,-,-,-,-,-,-,-,-,-,-,-,-,-,-,-
,129-6-a,-,-,129,-,791-5-8,延暦 10年 4 大 辛卯 27-726,-,-,true,次月大小,-,-,小,大,-,-,-,-,-,-,-,-,-,-,-,-,-,-,-,-,-
,129-6-1,-,-,129,6,791-6-6,延暦 10年 5 小 辛酉 56-2635,-,-,true,朔日相違,-,-,大,小,-,-,-,-,-,-,庚申,辛酉,791-6-6,791-6-7,56,57,1,1,-,-,-
,130-1-a,-,130-1-1,130,-,794-5-4,延暦 13年 4 小 癸卯 39-1639,-,-,true,次月大小,-,-,小,大,-,-,-,-,-,-,-,-,-,-,-,-,-,-,-,-,-
,130-1-1,-,-,130,1,794-6-2,延暦 13年 5 大 壬申 8-2810,日本紀略の弘仁8年5月の条ならびに延暦13年5月己亥より5月朔癸酉と決まる。そのユリウス暦日は6月3日。,-,true,朔日相違,-,-,大,小,-,-,-,-,-,-,壬申,癸酉,794-6-2,794-6-3,8,9,1,1,-,-,-
,130-2-1,-,-,130,2,794-10-28,延暦 13年 10 大 庚子 36-2985,-,改変なし（内容転記せず）,false,-,-,-,-,-,-,-,-,-,-,-,-,-,-,-,-,-,-,-,-,-,-
,130-3-1,-,-,130,3,795-1-26,延暦 14年 1 小 庚午  6-32,-,改変なし（内容転記せず）,false,-,-,-,-,-,-,-,-,-,-,-,-,-,-,-,-,-,-,-,-,-,-
,130-4-a,-,130-4-1,130,-,795-9-18,延暦 14年 8 大 乙丑  1-897,-,-,true,次月大小,-,-,小,大,-,-,-,-,-,-,-,-,-,-,-,-,-,-,-,-,-
,130-4-1,-,-,130,4,795-10-17,延暦 14年 9 小 乙未  30-2999,計算は30甲午，日本逸史により乙未，したがって9月朔日のユリウス暦日は10月18日。,-,true,朔日相違,-,-,大,小,-,-,-,-,-,-,甲午,乙未,795-10-17,795-10-18,30,31,1,1,-,-,-
,130-5-a,-,130-5-1,130,-,796-1-15,延暦 14年 12 大 甲子 0-953,-,-,true,次月大小,-,-,小,大,-,-,-,-,-,-,-,-,-,-,-,-,-,-,-,-,-
,130-5-1,-,-,130,5,796-2-13,延暦 15年 1 小 甲午 29-2943,計算は29癸巳，日本逸史により甲午，したがって正月朔日のユリウス暦日は2月14日。,-,true,朔日相違,-,-,大,小,-,-,-,-,-,-,癸巳,甲午,796-2-13,796-2-14,29,30,1,1,-,-,-
,131-1-a,-,131-1-1,131,-,797-9-25,延暦 16年 9 大 癸未 19-1512,-,-,true,次月大小,-,-,小,大,-,-,-,-,-,-,-,-,-,-,-,-,-,-,-,-,-
,131-1-1,-,-,131,1,797-10-24,延暦 16年 10 小 癸丑 48-3021,計算A）では壬子であるがC）では癸丑とでる。類聚国史9月に壬子がある。したがって，進朔して癸丑とすべきである。10月癸丑朔なら，そのユリウス暦日は10月25日。,-,true,朔日相違,-,-,大,小,-,-,-,-,-,-,壬子,癸丑,797-10-24,797-10-25,48,49,1,1,-,-,-
,131-2-a,-,131-2-1,131,-,798-1-22,延暦 17年 1 大 壬午 18-445,-,-,true,次月大小,-,-,小,大,-,-,-,-,-,-,-,-,-,-,-,-,-,-,-,-,-
,131-2-1,-,-,131,2,798-2-20,延暦 17年 2 小 壬子 47-2780,計算では47辛亥であるが日本紀略に壬子朔とある。したがって2月朔のユリウス暦日は2月21日。,-,true,朔日相違,-,-,大,小,-,-,-,-,-,-,辛亥,壬子,798-2-20,798-2-21,47,48,1,1,-,-,-
,131-3-1,-,-,131,3,798-11-12,延暦 17年 10 大 丙子  12-2991,-,改変なし（内容転記せず）,false,-,-,-,-,-,-,-,-,-,-,-,-,-,-,-,-,-,-,-,-,-,-
,131-4-a,-,131-4-1,131,-,799-1-11,延暦 17年 12 大 丙子 12-731,-,-,true,次月大小,-,-,小,大,-,-,-,-,-,-,-,-,-,-,-,-,-,-,-,-,-
,131-4-1,-,-,131,4,799-2-9,延暦 18年 1 小 丙午 41-2849,計算では41乙巳であるが日本後紀により丙午，したがって正月朔のユリウス暦日は2月10日。,-,true,朔日相違,-,-,大,小,-,-,-,-,-,-,乙巳,丙午,799-2-9,799-2-10,41,42,1,1,-,-,-
,131-5-a,-,131-5-1,131,-,799-4-10,延暦 18年 3 大 乙巳 41-1077,-,-,true,次月大小,-,-,小,大,-,-,-,-,-,-,-,-,-,-,-,-,-,-,-,-,-
,131-5-1,-,-,131,5,799-5-9,延暦 18年 4 小 乙亥  10-3034,計算では10甲戌であるが日本後紀により乙亥，したがって4月朔のユリウス暦日は5月10日。計算C）では乙亥ー71となる。,-,true,朔日相違,-,-,大,小,-,-,-,-,-,-,甲戌,乙亥,799-5-9,799-5-10,10,11,1,1,-,-,-
,132-1-1,-,-,132,1,801-7-14,延暦 20年 6 大 辛卯 27-2957,-,改変なし（内容転記せず）,false,-,-,-,-,-,-,-,-,-,-,-,-,-,-,-,-,-,-,-,-,-,-
,132-2-1,-,-,132,2,802-5-5,延暦 21年 4 大 丙戌 22-3004,-,改変なし（内容転記せず）,false,-,-,-,-,-,-,-,-,-,-,-,-,-,-,-,-,-,-,-,-,-,-
,133-1-1,-,-,133,1,805-9-26,延暦 24年 9 大 丙寅 2-2953,-,改変なし（内容転記せず）,false,-,-,-,-,-,-,-,-,-,-,-,-,-,-,-,-,-,-,-,-,-,-
,134-1-a,-,134-1-1,134,-,805-12-25,延暦 24年 12 大 丙申 32-385,-,-,true,次月大小,-,-,小,大,-,-,-,-,-,-,-,-,-,-,-,-,-,-,-,-,-
,134-1-1,-,-,134,1,806-1-23,大同 1年 1 小 丙寅 1-2844,計算では1乙丑，日本後紀により丙寅，したがって正月朔のユリウス暦日は1月24日。,-,true,朔日相違,-,-,大,小,-,-,-,-,-,-,乙丑,丙寅,806-1-23,806-1-24,1,2,1,1,-,-,-
,134-2-1,-,-,134,2,806-10-15,大同 1年 9 大 庚寅  26-2750,-,改変なし（内容転記せず）,false,-,-,-,-,-,-,-,-,-,-,-,-,-,-,-,-,-,-,-,-,-,-
,134-3-a,-,134-3-1,134,-,806-12-14,大同 1年 11 大 庚寅 26-503,-,-,true,次月大小,-,-,小,大,-,-,-,-,-,-,-,-,-,-,-,-,-,-,-,-,-
,134-3-1,-,-,134,3,807-1-12,大同 1年 12 大 庚申 55-2820,計算では55己未，類聚国史により庚申，したがって12月朔のユリウス暦日は1月13日。,-,true,朔日相違,-,-,大,大,-,-,-,-,-,-,己未,庚申,807-1-12,807-1-13,55,56,1,1,-,-,-
,134-4-1,-,-,134,4,807-2-11,大同 2年 1 小 庚寅  25-2102,計算では25己丑，日本紀略により庚寅，したがって正月朔のユリウス暦日は2月12日。,-,true,朔日相違,-,-,大,小,-,-,-,-,-,-,己丑,庚寅,807-2-11,807-2-12,25,26,1,1,-,-,-
,134-5-a,-,134-5-1,134,-,808-5-29,大同 3年 5 大 壬午 18-1293,-,-,true,次月大小,-,-,小,大,-,-,-,-,-,-,-,-,-,-,-,-,-,-,-,-,-
,134-5-1,-,-,134,5,808-6-27,大同 3年 6 小 壬子  47-2842,計算では47辛亥，日本後紀により壬子，したがって6月朔のユリウス暦日は6月28日。,-,true,朔日相違,-,-,大,小,-,-,-,-,-,-,辛亥,壬子,808-6-27,808-6-28,47,48,1,1,-,-,-
,134-6-1,-,-,134,6,808-11-21,大同 3年 11 大 戊寅 14-2998,-,改変なし（内容転記せず）,false,-,-,-,-,-,-,-,-,-,-,-,-,-,-,-,-,-,-,-,-,-,-
,134-7-a,-,134-7-1,134,-,807-10-5,大同 2年 9 大 乙酉 21-1471,-,-,true,次月大小,-,-,小,大,-,-,-,-,-,-,-,-,-,-,-,-,-,-,-,-,-
,134-7-1,-,-,134,7,807-11-3,大同 2年 10 小 乙卯 50-2778,"計算では甲寅朔, 大嘗会御禊日例により乙卯朔, ユリウス暦日は11月4日。",-,true,朔日相違,-,-,大,小,-,-,-,-,-,-,甲寅,乙卯,807-11-3,807-11-4,50,51,1,1,-,-,-
,135-1-a,-,135-1-1,135,-,810-11-1,弘仁 1年 10 大 戊辰 4-669,-,-,true,次月大小,-,-,小,大,-,-,-,-,-,-,-,-,-,-,-,-,-,-,-,-,-
,135-1-1,-,-,135,1,810-11-30,弘仁 1年 11 小 戊戌  33-2271,"計算では丁酉朔, 皇年代略紀により戊戌朔, ユリウス暦日は12月1日。",-,true,朔日相違,-,-,大,小,-,-,-,-,-,-,丁酉,戊戌,810-11-30,810-12-1,33,34,1,1,-,-,-
,136-1-a,-,136-1-1,136,-,813-7-31,弘仁 4年 7 大 辛亥 47-1494,-,-,true,次月大小,-,-,小,大,-,-,-,-,-,-,-,-,-,-,-,-,-,-,-,-,-
,136-1-1,-,-,136,1,813-8-29,弘仁 4年 8 小 辛巳 16-3026,計算は16庚辰，紀略により辛巳，したがって，8月朔のユリウス暦日は8月30日。,-,true,朔日相違,-,-,大,小,-,-,-,-,-,-,庚辰,辛巳,813-8-29,813-8-30,16,17,1,1,-,-,-
,137-1-1,-,-,137,1,815-12-4,弘仁 6年 11 大 丁卯  3-2977,-,改変なし（内容転記せず）,false,-,-,-,-,-,-,-,-,-,-,-,-,-,-,-,-,-,-,-,-,-,-
,137-2-a,-,137-2-1,137,-,816-11-23,弘仁 7年 11 大 壬戌  58-1048,-,-,true,次月大小,-,-,小,大,-,-,-,-,-,-,-,-,-,-,-,-,-,-,-,-,-
,137-2-1,-,-,137,2,816-12-22,弘仁 7年 12 小 壬辰  27-2812,計算では27辛卯，紀略により壬辰，したがって12月朔のユリウス暦日は12月23日。,-,true,朔日相違,-,-,大,小,-,-,-,-,-,-,辛卯,壬辰,816-12-22,816-12-23,27,28,1,1,-,-,-
,137-3-1,-,-,137,3,817-3-21,弘仁 8年 3 大 庚申 56-2880,-,改変なし（内容転記せず）,false,-,-,-,-,-,-,-,-,-,-,-,-,-,-,-,-,-,-,-,-,-,-
,137-4-a,-,137-4-1,137,-,817-10-14,弘仁 8年 9 大 丁亥 23-1704,-,-,true,次月大小,-,-,小,大,-,-,-,-,-,-,-,-,-,-,-,-,-,-,-,-,-
,137-4-1,-,-,137,4,817-11-12,弘仁 8年 10 小 丁巳  52-2903,計算では52丙辰，紀略により丁巳，したがって10月朔のユリウス暦日は11月13日。,-,true,朔日相違,-,-,大,小,-,-,-,-,-,-,丙辰,丁巳,817-11-12,817-11-13,52,53,1,1,-,-,-
,137-5-1,-,-,137,5,818-1-10,弘仁 8年 12 大 乙卯 51-2878,-,改変なし（内容転記せず）,false,-,-,-,-,-,-,-,-,-,-,-,-,-,-,-,-,-,-,-,-,-,-
,138-1-a,-,138-1-1,138,-,818-5-9,弘仁 9年 4 大 甲寅 50-996,-,-,true,次月大小,-,-,小,大,-,-,-,-,-,-,-,-,-,-,-,-,-,-,-,-,-
,138-1-1,-,-,138,1,818-6-7,弘仁 9年 5 小 甲申 19-2929,"計算は19癸未であるが類聚国史歳時4, 5月5日の条より甲申朔, ユリウス暦日は6月8日。",-,true,朔日相違,-,-,大,小,-,-,-,-,-,-,癸未,甲申,818-6-7,818-6-8,19,20,1,1,-,-,-
,138-2-a,-,138-2-1,138,-,818-12-31,弘仁 9年 12 大 庚戌 46-1657,-,-,true,次月大小,-,-,小,大,-,-,-,-,-,-,-,-,-,-,-,-,-,-,-,-,-
,138-2-1,-,-,138,2,819-1-29,弘仁 10年 1 小 庚辰  15-3026,計算では15己卯であるが，紀略に庚辰朔とある。したがって正月朔のユリウス暦日は1月30日。,-,true,朔日相違,-,-,大,小,-,-,-,-,-,-,己卯,庚辰,819-1-29,819-1-30,15,16,1,1,-,-,-
,138-3-a,-,138-3-1,138,-,819-2-28,弘仁 10年 2 大 己酉 45-1384,-,-,true,次月大小,-,-,小,大,-,-,-,-,-,-,-,-,-,-,-,-,-,-,-,-,-
,138-3-1,-,-,138,3,819-3-29,弘仁 10年 3 小 己卯 14-2828,計算では14戊寅であるが，紀略に己卯朔とある。したがって3月朔のユリウス暦日は3月30日。,-,true,朔日相違,-,-,大,小,-,-,-,-,-,-,戊寅,己卯,819-3-29,819-3-30,14,15,1,1,-,-,-
,138-4-a,-,138-4-1,138,-,820-2-18,弘仁 11年 閏1 大 甲辰 40-222,-,-,true,次月大小,-,-,小,大,-,-,-,-,-,-,-,-,-,-,-,-,-,-,-,-,-
,138-4-1,-,-,138,4,820-3-18,弘仁 11年 2 小 甲戌  9-1402,計算では9癸酉であるが，紀略に甲戌朔とある。したがって2月朔のユリウス暦日は3月19日。,-,true,朔日相違,-,-,小,小,-,-,-,-,-,-,癸酉,甲戌,820-3-18,820-3-19,9,10,1,1,-,-,-
,138-5-1,-,-,138,5,820-4-16,弘仁 11年 3 小 癸卯  38-2626,計算では38壬寅であるが，4月壬申と2月甲戌より3月朔は癸卯と定まる。3月朔のユリウス暦日は4月17日。,-,true,朔日相違,-,-,大,小,-,-,-,-,-,-,壬寅,癸卯,820-4-16,820-4-17,38,39,1,1,-,-,-
,138-6-a,-,138-6-1,138,-,820-7-14,弘仁 11年 6 大 辛未  7-929,-,-,true,次月大小,-,-,小,大,-,-,-,-,-,-,-,-,-,-,-,-,-,-,-,-,-
,138-6-1,-,-,138,6,820-8-12,弘仁 11年 7 小 辛丑 36-2826,計算では36庚子であるが，紀略に辛丑朔とある。したがって7月朔のユリウス暦日は8月13日。,-,true,朔日相違,-,-,大,小,-,-,-,-,-,-,庚子,辛丑,820-8-12,820-8-13,36,37,1,1,-,-,-
,139-1-1,-,-,139,1,821-8-31,弘仁 12年 8 大 乙丑 0-2000,-,改変なし（内容転記せず）,false,-,-,-,-,-,-,-,-,-,-,-,-,-,-,-,-,-,-,-,-,-,-
,139-1-2,-,-,139,1,821-9-30,弘仁 12年 9 小 乙未 30-1038,-,改変なし（内容転記せず）,false,-,-,-,-,-,-,-,-,-,-,-,-,-,-,-,-,-,-,-,-,-,-
,139-2-a,-,139-2-1,139,-,822-1-27,弘仁 13年 1 大 癸巳 29-802,-,-,true,次月大小,-,-,小,大,-,-,-,-,-,-,-,-,-,-,-,-,-,-,-,-,-
,139-2-1,-,-,139,2,822-2-25,弘仁 13年 2 小 癸亥 58-2380,日本紀略に2月癸亥朔とある。したがって2月朔日のユリウス暦日は2月26日。,-,true,朔日相違,-,-,大,小,-,-,-,-,-,-,壬戌,癸亥,822-2-25,822-2-26,58,59,1,1,-,-,-
,139-3-a,-,-,139,-,823-10-8,弘仁 14年 9 大 壬子 48-896,-,-,true,次月大小,-,-,小,大,-,-,-,-,-,-,-,-,-,-,-,-,-,-,-,-,-
,139-3-1,-,-,139,3,823-11-6,弘仁 14年 10 大 壬午 17-2819,"計算は17辛巳であるが大嘗会御禊日例, 皇年代略記等により壬午朔, ユリウス暦日は11月7日。",-,true,朔日相違,-,-,大,小,-,-,-,-,-,-,辛巳,壬午,823-11-6,823-11-7,17,18,1,1,-,-,-
,140-1-1,-,-,140,1,824-3-4,天長 1年 2 大 庚辰 16-2957,-,改変なし（内容転記せず）,false,-,-,-,-,-,-,-,-,-,-,-,-,-,-,-,-,-,-,-,-,-,-
,140-2-1,-,-,140,2,825-5-21,天長 2年 5 大 癸卯 39-2877,-,改変なし（内容転記せず）,false,-,-,-,-,-,-,-,-,-,-,-,-,-,-,-,-,-,-,-,-,-,-
,140-3-a,-,140-3-1,140,-,825-1-12,天長 2年 12 大 己亥 35-1289,-,-,true,次月大小,-,-,大,小,-,-,-,-,-,-,-,-,-,-,-,-,-,-,-,-,-
,140-3-1,-,-,140,3,826-2-11,天長 3年 1 大 戊辰 5-250,紀略に正月戊辰朔と計算より1日退いている。したがってそのユリウス暦日は2月10日となる。,-,true,朔日相違,-,-,小,大,-,-,-,-,-,-,己巳,戊辰,826-2-11,826-2-10,5,4,-1,-1,-,-,-
,140-4-1,-,-,140,4,826-11-3,天長 3年 10 大 甲午 30-2847,-,改変なし（内容転記せず）,false,-,-,-,-,-,-,-,-,-,-,-,-,-,-,-,-,-,-,-,-,-,-
,141-1-1,-,-,141,1,827-3-1,天長 4年 2 大 壬辰 28-2846,-,改変なし（内容転記せず）,false,-,-,-,-,-,-,-,-,-,-,-,-,-,-,-,-,-,-,-,-,-,-
,141-1-2,-,-,141,2,827-7-27,天長 4年 7 大 庚申 56-2974,-,改変なし（内容転記せず）,false,-,-,-,-,-,-,-,-,-,-,-,-,-,-,-,-,-,-,-,-,-,-
,141-3-a,-,141-3-1,141,-,827-12-22,天長 4年 12 大 戊子 24-1551,-,-,true,次月大小,-,-,小,大,-,-,-,-,-,-,-,-,-,-,-,-,-,-,-,-,-
,141-3-1,-,-,141,3,828-1-20,天長 5年 1 大 戊午 53-2901,計算では53丁巳であるが，紀略に戊午朔とある。したがって正月朔のユリウス暦日は1月21日となる。,-,true,朔日相違,-,-,大,大,-,-,-,-,-,-,丁巳,戊午,828-1-20,828-1-21,53,54,1,1,-,-,-
,141-4-1,-,-,141,4,828-2-19,天長 5年 2 小 戊子  23-1209,計算では23丁亥であるが，紀略に戊子朔とある。したがって2月朔のユリウス暦日は2月20日となる。,-,true,朔日相違,-,-,小,小,-,-,-,-,-,-,丁亥,戊子,828-2-19,828-2-20,23,24,1,1,-,-,-
,141-5-1,-,-,141,5,828-3-19,天長 5年 3 小 丁巳  52-2600,計算では52丙辰であるが，紀略によれば2月丁巳朔，閏3月丙戌朔であるから3月朔は丁巳以外にない。したがって3月朔のユリウス暦日は3月20日となる。,-,true,朔日相違,-,-,大,小,-,-,-,-,-,-,丙辰,丁巳,828-3-19,828-3-20,52,53,1,1,-,-,-
,141-6-a,-,141-6-1,141,-,828-9-13,天長 5年 8 大 甲寅 50-1076,-,-,true,次月大小,-,-,小,大,-,-,-,-,-,-,-,-,-,-,-,-,-,-,-,-,-
,141-6-1,-,-,141,6,828-10-12,天長 5年 9 小 甲申 19-2980,"計算は19癸未であるが類聚国史歳時4, 重陽の条より甲申朔, 9月甲申朔ならユリウス暦日は10月13日となる。",-,true,朔日相違,-,-,大,小,-,-,-,-,-,-,癸未,甲申,828-10-12,828-10-13,19,20,1,1,-,-,-
,142-1-a,-,142-1-1,142,-,830-5-26,天長 7年 5 大 甲戌  10-469,-,-,true,次月大小,-,-,小,大,-,-,-,-,-,-,-,-,-,-,-,-,-,-,-,-,-
,142-1-1,-,-,142,1,830-6-24,天長 7年 6 小 甲辰 39-1519,日本紀略6月甲辰朔とある。計算は39癸卯，したがって6月朔のユリウス暦日は6月25日。,-,true,朔日相違,-,-,小,小,-,-,-,-,-,-,癸卯,甲辰,830-6-24,830-6-25,39,40,1,1,-,-,-
,142-2-1,-,-,142,2,830-7-23,天長 7年 7 小 癸酉 8-2856,計算では8壬申であるが，癸酉にしなければ6月が28日になってしまう。したがって7月朔のユリウス暦日は7月24日。,-,true,朔日相違,-,-,大,小,-,-,-,-,-,-,壬申,癸酉,830-7-23,830-7-24,8,9,1,1,-,-,-
,142-3-a,-,142-3-1,142,-,831-9-10,天長 8年 8 大 丙寅 2-927,-,-,true,次月大小,-,-,小,大,-,-,-,-,-,-,-,-,-,-,-,-,-,-,-,-,-
,142-3-1,-,-,142,3,831-10-9,天長 8年 9 小 丙申 31-2805,"天長9年2月は計算は甲子であるが日本紀略に乙丑〔朔〕とある。ここを乙丑朔とすると5か月大の月が続くことになるので初版ではあえて計算どおり甲子とし, 8年9月も計算のまま乙未とした。しかし5大を避けるためには8年9月を進朔して丙申とし, 9年2月は紀略にしたがって乙丑とすべきであると考え改めることにした。ユリウス暦日は8年9月丙申朔なら10月10日, 9年2月乙丑朔は3月7日となる。",-,true,5大回避,-,-,大,小,-,-,-,-,-,-,乙未,丙申,831-10-9,831-10-10,31,32,1,1,-,-,-
,142-4-a,-,142-4-1,142,-,832-1-7,天長 8年 12 大 乙丑  1-772,-,-,true,次月大小,-,-,小,大,-,-,-,-,-,-,-,-,-,-,-,-,-,-,-,-,-
,142-4-1,-,-,142,4,832-2-5,天長 9年 1 大 乙未 30-2995,計算では30甲午，日本紀略により乙未，計算C）では乙未−25。正月乙未朔なら、その暦日は2月6日。,-,true,朔日相違,-,-,-,-,-,-,-,-,-,-,甲午,乙未,832-2-5,832-2-6,30,31,1,1,-,-,-
,142-3-2,142-3-1,-,142,3,832-3-6,天長 9年 2 小 乙丑 0-1895,-,-,true,5大回避,-,-,大,小,-,-,-,-,-,-,甲子,乙丑,832-3-6,832-3-7,0,1,1,1,-,-,-
,143-1-a,-,143-1-1,143,-,835-1-3,承和 1年 12 大 丁丑 13-887,-,-,true,次月大小,-,-,小,大,-,-,-,-,-,-,-,-,-,-,-,-,-,-,-,-,-
,143-1-1,-,-,143,1,835-2-1,承和 2年 1 小 丁未 42-2793,計算は42丙午，続日本後紀により丁未，したがって正月朔ユリウス暦日は2月2日となる。天長10年より嘉祥2年（西暦849年）までは続日本後紀に全月朔干支がでている。それによると，この頁の3年間で計算と干支の違うのはこの承和2年正月のみで，この年の4月，10月などは小余が大きくても進朔していないことがわかる。,-,true,朔日相違,-,-,大,小,-,-,-,-,-,-,丙午,丁未,835-2-1,835-2-2,42,43,1,1,-,-,-
,144-1-a,-,144-1-1,144,-,836-8-16,承和 3年 7 大 戊辰  4-1260,-,-,true,次月大小,-,-,小,大,-,-,-,-,-,-,-,-,-,-,-,-,-,-,-,-,-
,144-1-1,-,-,144,1,836-9-14,承和 3年 8 小 戊戌 33-2996,計算は33丁酉，続後紀戊戌朔，したがって8月朔日のユリウス暦日は9月15日。,-,true,朔日相違,-,-,大,小,-,-,-,-,-,-,丁酉,戊戌,836-9-14,836-9-15,33,34,1,1,-,-,-
,144-2-a,-,144-2-1,144,-,836-10-14,承和 3年 9 大 丁卯  3-1517,-,-,true,次月大小,-,-,小,大,-,-,-,-,-,-,-,-,-,-,-,-,-,-,-,-,-
,144-2-1,-,-,144,2,836-11-12,承和 3年 10 小 丁酉 32-3000,計算は32丙申，続後紀丁酉朔，したがって10月朔日のユリウス暦日は11月13日。,-,true,朔日相違,-,-,大,小,-,-,-,-,-,-,丙申,丁酉,836-11-12,836-11-13,32,33,1,1,-,-,-
,144-3-a,-,144-3-1,144,-,838-8-24,承和 5年 8 大 丙戌 22-658,-,-,true,次月大小,-,-,小,大,-,-,-,-,-,-,-,-,-,-,-,-,-,-,-,-,-
,144-3-1,-,-,144,3,838-9-22,承和 5年 9 小 丙辰 51-2800,計算は51乙卯，続後紀丙辰朔，したがって9月朔日のユリウス暦日は9月23日。,-,true,朔日相違,-,-,大,小,-,-,-,-,-,-,乙卯,丙辰,838-9-22,838-9-23,51,52,1,1,-,-,-
,145-1-a,-,145-1-1,145,-,839-8-13,承和 6年 7 大 庚辰 16-1078,-,-,true,次月大小,-,-,小,大,-,-,-,-,-,-,-,-,-,-,-,-,-,-,-,-,-
,145-1-1,-,-,145,1,839-9-11,承和 6年 8 小 庚戌 45-2916,計算は45己酉，続後紀は庚戌朔，したがって8月朔日のユリウス暦日は9月12日。,-,true,朔日相違,-,-,大,小,-,-,-,-,-,-,己酉,庚戌,839-9-11,839-9-12,45,46,1,1,-,-,-
,145-2-a,-,145-2-1,145,-,839-12-10,承和 6年 11 大 己卯 15-600,-,-,true,次月大小,-,-,小,大,-,-,-,-,-,-,-,-,-,-,-,-,-,-,-,-,-
,145-2-1,-,-,145,2,840-1-8,承和 6年 12 小 己酉 44-2892,計算は44戊申，続後紀は己酉朔，したがって12月朔日のユリウス暦日は1月9日。,-,true,朔日相違,-,-,大,小,-,-,-,-,-,-,戊申,己酉,840-1-8,840-1-9,44,45,1,1,-,-,-
,146-1-a,-,146-1-1,146,-,842-3-16,承和 9年 2 大 丙寅 2-864,-,-,true,次月大小,-,-,小,大,-,-,-,-,-,-,-,-,-,-,-,-,-,-,-,-,-
,146-1-1,-,-,146,1,842-4-14,承和 9年 3 小 丙申 31-2738,計算は31乙未，続後紀は丙申朔，したがって3月朔日のユリウス暦日は4月15日。,-,true,朔日相違,-,-,大,小,-,-,-,-,-,-,乙未,丙申,842-4-14,842-4-15,31,32,1,1,-,-,-
,146-2-a,-,146-2-1,146,-,842-12-6,承和 9年 11 大 辛卯 27-518,-,-,true,次月大小,-,-,小,大,-,-,-,-,-,-,-,-,-,-,-,-,-,-,-,-,-
,146-2-1,-,-,146,2,843-1-4,承和 9年 12 小 辛酉 56-2661,計算は56庚申，続後紀は辛酉朔，したがって12月朔日のユリウス暦日は1月5日。,-,true,朔日相違,-,-,大,小,-,-,-,-,-,-,庚申,辛酉,843-1-4,843-1-5,56,57,1,1,-,-,-
,146-3-a,-,146-3-1,146,-,844-5-21,承和 11年 5 大 癸未 19-1172,-,-,true,次月大小,-,-,小,大,-,-,-,-,-,-,-,-,-,-,-,-,-,-,-,-,-
,146-3-1,-,-,146,3,844-6-19,承和 11年 6 小 癸丑 48-2934,計算は48壬子，続後紀は癸丑朔，したがって6月朔日のユリウス暦日は6月20日。,-,true,朔日相違,-,-,大,小,-,-,-,-,-,-,壬子,癸丑,844-6-19,844-6-20,48,49,1,1,-,-,-
,146-4-a,-,146-4-1,146,-,844-9-16,承和 11年 8 大 辛巳 17-1383,-,-,true,次月大小,-,-,小,大,-,-,-,-,-,-,-,-,-,-,-,-,-,-,-,-,-
,146-4-1,-,-,146,4,844-10-15,承和 11年 9 小 辛亥 46-2695,計算は46庚戌，続後紀は辛亥朔，したがって9月朔日のユリウス暦日は10月16日。,-,true,朔日相違,-,-,大,小,-,-,-,-,-,-,庚戌,辛亥,844-10-15,844-10-16,46,47,1,1,-,-,-
,147-1-a,-,147-1-1,147,-,645-10-5,承和 12年 9 大 乙巳 41-1264,-,-,true,次月大小,-,-,小,大,-,-,-,-,-,-,-,-,-,-,-,-,-,-,-,-,-
,147-1-1,-,-,147,1,845-11-3,承和 12年 10 小 乙亥 10-2799,計算は10甲戌，続後紀は乙亥朔，したがって10月朔日のユリウス暦日は11月4日。,-,true,朔日相違,-,-,大,小,-,-,-,-,-,-,甲戌,乙亥,845-11-3,845-11-4,10,11,1,1,-,-,-
,147-2-a,-,147-2-1,147,-,845-12-3,承和 12年 11 大 甲辰 40-1261,-,-,true,次月大小,-,-,小,大,-,-,-,-,-,-,-,-,-,-,-,-,-,-,-,-,-
,147-2-1,-,-,147,2,846-1-1,承和 12年 12 小 甲戌 9-2726,計算は9癸酉，続後紀は甲戌朔，したがって12月朔日のユリウス暦日は1月2日。,-,true,朔日相違,-,-,大,小,-,-,-,-,-,-,癸酉,甲戌,846-1-1,846-1-2,9,10,1,1,-,-,-
,147-3-a,-,147-3-1,147,-,846-10-24,承和 13年 10 大 己巳  5-937,-,-,true,次月大小,-,-,小,大,-,-,-,-,-,-,-,-,-,-,-,-,-,-,-,-,-
,147-3-1,-,-,147,3,846-11-22,承和 13年 11 小 己亥  34-2812,計算は34戊戌，続後紀は己亥朔，したがって11月朔日のユリウス暦日は11月23日。,-,true,朔日相違,-,-,大,小,-,-,-,-,-,-,戊戌,己亥,846-11-22,846-11-23,34,35,1,1,-,-,-
,147-4-a,-,147-4-1,147,-,847-5-18,承和 14年 4 大 乙未 31-1608,-,-,true,次月大小,-,-,小,大,-,-,-,-,-,-,-,-,-,-,-,-,-,-,-,-,-
,147-4-1,-,-,147,4,847-6-16,承和 14年 5 小 乙丑 0-2867,計算は0甲子，続後紀は乙丑朔，したがって5月朔日のユリウス暦日は6月17日。,-,true,朔日相違,-,-,大,小,-,-,-,-,-,-,甲子,乙丑,847-6-16,847-6-17,0,1,1,1,-,-,-
,147-5-a,-,147-5-1,147,-,847-11-12,承和 14年 10 大 癸巳 29-475,-,-,true,次月大小,-,-,小,大,-,-,-,-,-,-,-,-,-,-,-,-,-,-,-,-,-
,147-5-1,-,-,147,5,847-12-11,承和 14年 11 小 癸亥 58-2640,計算は58壬戌，続後紀は癸亥朔，したがって11月朔日のユリウス暦日は12月12日。,-,true,朔日相違,-,-,大,小,-,-,-,-,-,-,壬戌,癸亥,847-12-11,847-12-12,58,59,1,1,-,-,-
,148-1-a,-,148-1-1,148,-,848-10-31,嘉祥 1年 10 大 丁亥 23-564,-,-,true,次月大小,-,-,小,大,-,-,-,-,-,-,-,-,-,-,-,-,-,-,-,-,-
,148-1-1,-,-,148,1,848-11-29,嘉祥 1年 11 小 丁巳 52-2966,計算は52丙辰，続後紀は丁巳朔，したがって11月朔日のユリウス暦日は11月30日。,-,true,朔日相違,-,-,大,小,-,-,-,-,-,-,丙辰,丁巳,848-11-29,848-11-30,52,53,1,1,-,-,-
,148-2-a,-,148-2-1,148,-,849-10-20,嘉祥 2年 10 大 辛巳 17-744,-,-,true,次月大小,-,-,小,大,-,-,-,-,-,-,-,-,-,-,-,-,-,-,-,-,-
,148-2-1,-,-,148,2,849-11-18,嘉祥 2年 11 小 辛亥 46-2922,計算は46庚戌，続後紀は辛亥朔，したがって11月朔日のユリウス暦日は11月19日。,-,true,朔日相違,-,-,大,小,-,-,-,-,-,-,庚戌,辛亥,849-11-18,849-11-19,46,47,1,1,-,-,-
,148-3-a,-,148-3-1,148,-,850-2-16,嘉祥 3年 1 大 庚辰 16-942,-,-,true,次月大小,-,-,小,大,-,-,-,-,-,-,-,-,-,-,-,-,-,-,-,-,-
,148-3-1,-,-,148,3,850-3-17,嘉祥 3年 2 小 庚戌  45-2860,計算は45己酉，続後紀は庚戌朔，したがって2月朔日のユリウス暦日は3月18日。,-,true,朔日相違,-,-,大,小,-,-,-,-,-,-,己酉,庚戌,850-3-17,850-3-18,45,46,1,1,-,-,-
,149-1-a,-,149-1-1,149,-,853-7-10,仁寿 3年 6 大 庚申 56-1132,-,-,true,次月大小,-,-,小,大,-,-,-,-,-,-,-,-,-,-,-,-,-,-,-,-,-
,149-1-1,-,-,149,1,853-8-8,仁寿 3年 7 小 庚寅 25-2763,計算は25己丑，文徳実録は庚寅朔，したがって7月朔日のユリウス暦日は8月9日。,-,true,朔日相違,-,-,大,小,-,-,-,-,-,-,己丑,庚寅,853-8-8,853-8-9,25,26,1,1,-,-,-
,150-1-a,-,150-1-1,150,-,854-11-24,斎衡 1年 11 大 壬午 18-1071,-,-,true,次月大小,-,-,小,大,-,-,-,-,-,-,-,-,-,-,-,-,-,-,-,-,-
,150-1-1,-,-,150,1,854-12-23,斎衡 1年 12 大 壬子 47-2602,計算では47辛亥であるが，文徳実録によれば，斎衡元年10月壬子朔，同2年正月壬午朔とあるから，12月朔は壬子でなければならない。したがってこの日のユリウス日は12月24日になる。,-,true,朔日相違,-,-,大,大,-,-,-,-,-,-,辛亥,壬子,854-12-23,854-12-24,47,48,1,1,-,-,-
,150-2-1,-,-,150,2,855-1-22,斎衡 2年 1 小 壬午 17-902,計算では17辛巳，小余が小さく進朔とは思えない。文徳実録により壬午，したがって元日のユリウス暦日は1月23日。,-,true,朔日相違,-,-,小,小,-,-,-,-,-,-,辛巳,壬午,855-1-22,855-1-23,17,18,1,1,-,-,-
,150-3-1,-,-,150,3,855-2-20,斎衡 2年 2 小 辛亥 46-2139,計算では46庚戌となるが，文徳実録に正月壬午朔，4月己酉朔とあるから2月朔は辛亥しかない。したがって2月朔のユリウス暦日は2月21日。,-,true,朔日相違,-,-,大,小,-,-,-,-,-,-,庚戌,辛亥,855-2-20,855-2-21,46,47,1,1,-,-,-
,150-4-a,-,150-4-1,150,-,855-12-13,斎衡 2年 11 大 丙午 42-1215,-,-,true,次月大小,-,-,小,大,-,-,-,-,-,-,-,-,-,-,-,-,-,-,-,-,-
,150-4-1,-,-,150,4,856-1-11,斎衡 2年 12 小 丙子 11-2894,計算は11乙亥，文徳実録は丙子朔，したがって12月朔日のユリウス暦日は1月12日。,-,true,朔日相違,-,-,大,小,-,-,-,-,-,-,乙亥,丙子,856-1-11,856-1-12,11,12,1,1,-,-,-
,150-5-a,-,150-5-1,150,-,856-10-3,斎衡 3年 9 大 辛丑 37-683,-,-,true,次月大小,-,-,小,大,-,-,-,-,-,-,-,-,-,-,-,-,-,-,-,-,-
,150-5-1,-,-,150,5,856-11-1,斎衡 3年 10 小 辛未 6-2919,計算は6庚午，文徳実録は辛未朔，したがって10月朔日のユリウス暦日は11月2日。,-,true,朔日相違,-,-,大,小,-,-,-,-,-,-,庚午,辛未,856-11-1,856-11-2,6,7,1,1,-,-,-
,151-1-a,-,151-1-1,151,-,856-12-31,斎衡 3年 12 大 庚午  6-1214,-,-,true,次月大小,-,-,小,大,-,-,-,-,-,-,-,-,-,-,-,-,-,-,-,-,-
,151-1-1,-,-,151,1,857-1-29,天安 1年 1 小 庚子 35-2985,計算は35己亥，文徳実録は庚子朔，したがって正月朔日のユリウス暦日は1月30日。,-,true,朔日相違,-,-,大,小,-,-,-,-,-,-,己亥,庚子,857-1-29,857-1-30,35,36,1,1,-,-,-
,151-2-a,-,151-2-1,151,-,857-9-22,天安 1年 9 大 乙未 31-805,-,-,true,次月大小,-,-,小,大,-,-,-,-,-,-,-,-,-,-,-,-,-,-,-,-,-
,151-2-1,-,-,151,2,857-10-21,天安 1年 10 小 乙丑  0-2932,計算は0甲子，文徳実録は乙丑朔，したがって10月朔日のユリウス暦日は10月22日。,-,true,朔日相違,-,-,大,小,-,-,-,-,-,-,甲子,乙丑,857-10-21,857-10-22,0,1,1,1,-,-,-
,151-3-a,-,151-3-1,151,-,858-1-19,天安 2年 1 大 甲午 30-893,-,-,true,次月大小,-,-,小,大,-,-,-,-,-,-,-,-,-,-,-,-,-,-,-,-,-
,151-3-1,-,-,151,3,858-2-17,天安 2年 2 小 甲子 59-2856,計算は59癸亥，文徳実録は甲子朔，したがって2月朔日のユリウス暦日は2月18日。,-,true,朔日相違,-,-,大,小,-,-,-,-,-,-,癸亥,甲子,858-2-17,858-2-18,59,0,-59,1,-,-,-
,151-4-a,-,151-4-1,151,-,859-9-30,貞観 1年 9 大 癸丑 49-1398,-,-,true,次月大小,-,-,小,大,-,-,-,-,-,-,-,-,-,-,-,-,-,-,-,-,-
,151-4-1,-,-,151,4,859-10-29,貞観 1年 10 小 癸未  18-2932,計算は18壬午，三代実録は癸未朔，したがって10月朔日のユリウス暦日は10月30日。ただし，五紀暦では癸未（19）ー小余20となる。,-,true,朔日相違,-,-,大,小,-,-,-,-,-,-,壬午,癸未,859-10-29,859-10-30,18,19,1,1,-,-,-
,152-1-a,-,152-1-1,152,-,860-1-27,貞観 2年 1 大 壬子 48-391,-,-,true,次月大小,-,-,小,大,-,-,-,-,-,-,-,-,-,-,-,-,-,-,-,-,-
,152-1-1,-,-,152,1,860-2-25,貞観 2年 2 小 壬午 17-2710,計算は17辛巳，三代実録は壬午朔，したがって2月朔日のユリウス暦日は2月26日。,-,true,朔日相違,-,-,大,小,-,-,-,-,-,-,辛巳,壬午,860-2-25,860-2-26,17,18,1,1,-,-,-
,152-2-a,-,152-2-1,152,-,860-10-18,貞観 2年 10 大 丁丑 13-1449,-,-,true,次月大小,閏9,10,小,大,-,22,-,-,-,860-11-16,-,-,-,-,-,-,-,-,-,-,-
,152-2-1,-,-,152,2,860-11-16,貞観 2年 閏10 大 丁未  42-2908,計算は42丙午，三代実録は丁未朔，したがって閏10月朔日のユリウス暦日は11月17日。この進朔によって中気を含まない月がずれ閏が9月から10月に変る。,-,true,進朔,10,閏10,大,大,22,-,-,-,860-10-18,-,丙午,丁未,860-11-16,860-11-17,42,43,1,1,-,-,-
,152-3-1,-,-,152,3,860-12-16,貞観 2年 11 小 丁丑 12-1628,計算は12丙子，しかし冬至が13丁丑であるから朔旦冬至にするため丁丑にかえた。したがって11月朔日のユリウス暦日は12月17日である。,-,true,朔旦冬至,-,-,大,小,-,-,-,-,-,-,丙子,丁丑,860-12-16,860-12-17,12,13,1,1,-,-,-
,152-4-a,-,152-4-1,152,-,861-1-15,貞観 2年 12 大 丙午 42-674,-,-,true,次月大小,-,-,小,大,-,-,-,-,-,-,-,-,-,-,-,-,-,-,-,-,-
,152-4-1,-,-,152,4,861-2-13,貞観 3年 1 小 丙子 11-2776,計算は11乙亥，三代実録は丙子朔，したがって正月朔日のユリウス暦日は2月14日。,-,true,朔日相違,-,-,大,小,-,-,-,-,-,-,乙亥,丙子,861-2-13,861-2-14,11,12,1,1,-,-,-
,152-5-a,-,152-5-1,152,-,861-4-14,貞観 3年 3 大 乙亥 11-976,-,-,true,次月大小,-,-,小,大,-,-,-,-,-,-,-,-,-,-,-,-,-,-,-,-,-
,152-5-1,-,-,152,5,861-5-13,貞観 3年 4 小 乙巳 40-2910,計算は40甲辰，三代実録は乙巳朔，したがって4月朔日のユリウス暦日は5月14日，五紀暦では41（乙巳）ー14とでる。,-,true,朔日相違,-,-,大,小,-,-,-,-,-,-,甲辰,乙巳,861-5-13,861-5-14,40,41,1,1,-,-,-
,152-6-a,-,152-6-1,152,-,861-6-12,貞観 3年 5 大 甲戌 10-1533,-,-,true,次月大小,-,-,小,大,-,-,-,-,-,-,-,-,-,-,-,-,-,-,-,-,-
,152-6-1,-,-,152,6,861-7-11,貞観 3年 6 小 甲辰 39-2990,計算は39癸卯，三代実録は甲辰朔，したがって6月朔日のユリウス暦日は7月12日。五紀暦では40（甲辰）ー9とでる。,-,true,朔日相違,-,-,大,小,-,-,-,-,-,-,癸卯,甲辰,861-7-11,861-7-12,39,40,1,1,-,-,-
,156-1-a,-,156-1-1,156,-,873-1-3,貞観 14年 12 大 丁酉 33-1832,-,-,true,朔日相違,-,-,小,大,-,-,-,-,-,-,-,-,-,-,-,-,-,-,-,-,-
,156-1-1,-,-,156,1,873-2-1,貞観15年 1  小 丁卯 2-5359,"計算では2丙寅である, 三代実録に正月丁卯朔とある。従って正月朔のユリウス暦日は2月2日。",-,true,朔日相違,-,-,大,小,-,-,-,-,-,-,丙寅,丁卯,873-2-1,873-2-2,2,3,1,1,-,-,-
,157-1-a,-,-,157,-,873-12-24,貞観 15年 12 大 壬辰 28-6459,-,-,true,朔日相違,-,-,小,大,-,-,-,-,-,-,-,-,-,-,-,-,-,-,-,-,-
,157-1-1,-,-,157,1,874-1-22,貞観 16年 1 小 壬戌 57-2576,"計算では57辛酉であるが, 三代実録に正月壬戌朔とある。従って正月朔のユリウス暦日は1月23日。",-,true,朔日相違,-,-,小,小,-,-,-,-,-,-,辛酉,壬戌,874-1-22,874-1-23,57,58,1,1,-,-,-
,157-2-1,-,-,157,2,874-2-20,貞観 16年 2 小 辛卯 26-6249,"計算では26庚寅であるが, 三代実録に2月辛卯朔とある。従って2月朔のユリウス暦日は2月21日。",-,true,朔日相違,-,-,大,小,-,-,-,-,-,-,庚寅,辛卯,874-2-20,874-2-21,26,27,1,1,-,-,-
,162-1-a,-,162-1-1,162,-,889-5-4,寛平 1年 4 小 壬戌 58-1299,-,-,true,次月大小,-,-,大,小,-,-,-,-,-,-,-,-,-,-,-,-,-,-,-,-,-
,162-1-1,-,-,162,1,889-6-3,寛平 1年 5 大 辛卯 28-6645,"長暦類は扶桑略記の辛卯をとっているが, 日本紀略は計算通り壬辰である。ここは一応辛卯をとった。辛卯朔とすればユリウス暦日は6月2日となる。",-,true,朔日相違,-,-,小,大,-,-,-,-,-,-,壬辰,辛卯,889-6-3,889-6-2,28,27,-1,-1,-,-,-
,162-2-a,-,162-2-1,162,-,891-1-14,寛平 2年 12 小 壬午 18-4981,-,-,true,次月大小,-,-,大,小,-,-,-,-,-,-,-,-,-,-,-,-,-,-,-,-,-
,162-2-1,-,-,162,2,891-2-13,寛平 3年 1 大 辛亥 48-9,"計算では48壬子とでるが, 日本紀略に辛亥朔とある。正月辛亥朔のユリウス暦日は2月12日となる。",-,true,朔日相違,-,-,小,大,-,-,-,-,-,-,壬子,辛亥,891-2-13,891-2-12,48,47,-1,-1,-,-,-
,162-3-a,-,162-3-1,162,-,891-7-10,寛平 3年 6 小 己卯 15-1363,-,-,true,次月大小,-,-,大,小,-,-,-,-,-,-,-,-,-,-,-,-,-,-,-,-,-
,162-3-1,-,-,162,3,891-8-9,寛平 3年 7 大 戊申 45-6385,"計算では45己酉とでるが, 日本紀略に戊申朔とある。7月戊申朔のユリウス暦日は8月8日となる。",-,true,朔日相違,-,-,小,大,-,-,-,-,-,-,己酉,戊申,891-8-9,891-8-8,45,44,-1,-1,-,-,-
,163-1-a,-,163-1-1,163,-,892-1-4,寛平 3年 12 大 丁丑 13-1140,-,-,true,次月大小,-,-,小,大,-,-,-,-,-,-,-,-,-,-,-,-,-,-,-,-,-
,163-1-1,-,-,163,1,892-2-2,寛平 4年 1 小 丁未 42-5602,"計算では42丙午とでるが, 日本紀略に正月丁未朔とある。丁未朔ならそのユリウス暦日は2月3日となる。",-,true,朔日相違,-,-,大,小,-,-,-,-,-,-,丙午,丁未,892-2-2,892-2-3,42,43,1,1,-,-,-
,163-2-1,-,-,163,2,892-5-1,寛平 4年 4 大 甲戌 11-6322,-,改変なし（内容転記せず）,false,-,-,-,-,-,-,-,-,-,-,-,-,-,-,-,-,-,-,-,-,-,-
,163-3-a,-,163-3-1,163,-,894-5-9,寛平 6年 4 小 癸巳 29-4108,-,-,true,次月大小,-,-,大,小,-,-,-,-,-,-,-,-,-,-,-,-,-,-,-,-,-
,163-3-1,-,-,163,3,894-6-8,寛平 6年 5 大 壬戌 59-6639,"計算では59癸亥とでるが, 日本紀略に壬戌朔とある。5月壬戌朔のユリウス暦日は6月7日となる。",-,true,朔日相違,-,-,小,大,-,-,-,-,-,-,癸亥,壬戌,894-6-8,894-6-7,59,58,-1,-1,-,-,-
,167-1-a,-,167-1-1,167,-,904-5-18,延喜 4年 4 大 乙未 31-3042,-,変更なし,false,次月大小,-,-,大,大,-,-,-,-,-,-,-,-,-,-,-,-,-,-,-,-,-
,167-1-1,-,-,167,1,904-6-17,延喜 4年 5 小 乙丑 1-6300,"計算では小余6300。これは丁度進朔限6300と同じ値である。計算では進朔して大余1, 即ち乙丑となっているが, この場合進朔しないで甲子としたことも充分考えられる。甲子にしたがうとユリウス暦日は6月16日となる。日本長暦, 皇和通暦は甲子, 本朝統暦は乙丑。",計算値のみのため改変なし,true,朔日相違,-,-,小,小,-,-,-,-,-,-,-,-,-,-,-,-,-,-,-,-,-
,178-1-a,-,178-1-1,178,-,937-1-15,承平 6年 12 小 乙酉 21-6137,-,-,true,次月大小,-,-,大,小,-,-,-,-,-,-,-,-,-,-,-,-,-,-,-,-,-
,178-1-1,-,-,178,1,937-2-14,承平 7年 1 大 甲寅 51-2479,"計算は51乙卯であるが, 日本紀略に甲寅朔とある。正月甲寅朔のユリウス暦日は2月13日となる。（元旦日食をさけるための変更か）",-,true,元旦日食,-,-,大,大,-,-,-,-,-,-,乙卯,甲寅,937-2-14,937-2-13,51,50,-1,-1,-,-,-
,178-2-1,-,-,178,2,937-3-16,承平 7年 2 大 甲申 21-6337,"計算は21乙酉であるが, 日本紀略に甲申朔とある。2月甲申朔のユリウス暦日は3月15日となる。",-,true,朔日相違,-,-,小,大,-,-,-,-,-,-,乙酉,甲申,937-3-16,937-3-15,21,20,-1,-1,-,-,-
,178-3-a,-,178-3-1,178,-,937-12-6,承平 7年 11 小 庚戌 46-1120,-,-,true,次月大小,-,-,大,小,-,-,-,-,-,-,-,-,-,-,-,-,-,-,-,-,-
,178-3-1,-,-,178,3,938-1-5,承平 7年 12 小 己卯 16-7823,"計算は16庚辰であるが, 中右記・九条殿記により己卯朔（大日本史料第1編の7）, 12月朔のユリウス暦日は1月4日。",-,true,朔日相違,-,-,小,小,-,-,-,-,-,-,庚辰,己卯,938-1-5,938-1-4,16,15,-1,-1,-,-,-
,178-4-1,-,-,178,4,938-2-3,天慶 1年 1 大 戊申 45-5349,"計算は45己酉であるが, 貞信公記・九条殿記により戊申朔（大日本史料第1編の7）, 正月朔のユリウス暦日は2月2日。",-,true,朔日相違,-,-,大,大,-,-,-,-,-,-,己酉,戊申,938-2-3,938-2-2,45,44,-1,-1,-,-,-
,178-5-1,-,-,178,5,938-3-5,天慶 1年 2 大 戊寅 15-2013,"計算は15己卯であるが, 貞信公記抄により戊寅朔（大日本史料第1編の7）, 2月朔のユリウス暦日は3月4日。",-,true,朔日相違,-,-,小,大,-,-,-,-,-,-,己卯,戊寅,938-3-5,938-3-4,15,14,-1,-1,-,-,-
,179-1-a,-,179-1-1,179,-,942-11-11,天慶 5年 10 小 辛亥 47-4722,-,-,true,次月大小,-,-,大,小,-,-,-,-,-,-,-,-,-,-,-,-,-,-,-,-,-
,179-1-1,-,-,179,1,942-12-11,天慶 5年 11 大 庚辰 17-130,"計算は17辛巳であるが, 水谷川本日本紀略。政事要略により庚辰とする（大日本史料第1編の8）。11月庚辰朔のユリウス暦日は12月10日となる。",-,true,朔日相違,-,-,小,大,-,-,-,-,-,-,辛巳,庚辰,942-12-11,942-12-10,17,16,-1,-1,-,-,-
,185-1-a,-,185-1-1,185,-,958-4-22,天徳 2年 4 小 壬子 48-1643,-,-,true,次月大小,-,-,大,小,-,-,-,-,-,-,-,-,-,-,-,-,-,-,-,-,-
,185-1-1,-,-,185,1,958-5-22,天徳 2年 5 大 辛巳 18-6391,"計算は18壬午, 日本紀略により辛巳, ５月辛巳朔のユリウス暦日は5月21日。",-,true,朔日相違,-,-,小,大,-,-,-,-,-,-,壬午,辛巳,958-5-22,958-5-21,18,17,-1,-1,-,-,-
,187-1-a,-,187-1-1,187,-,965-1-6,康保 1年 12 小 癸卯 39-459,-,-,true,次月大小,-,-,大,小,-,-,-,-,-,-,-,-,-,-,-,-,-,-,-,-,-
,187-1-1,-,-,187,1,965-2-5,康保 2年 1 大 壬申 9-6710,"計算では9癸酉であるが, 日本紀略, 近衛家文書により壬申。正月壬申朔のユリウス暦日は2月4日となる。",-,true,朔日相違,-,-,小,大,-,-,-,-,-,-,癸酉,壬申,965-2-5,965-2-4,9,8,-1,-1,-,-,-
,190-1-a,-,190-1-1,190,-,973-4-6,天延 1年 3 小 乙卯 51-3489,-,-,true,次月大小,-,-,大,小,-,-,-,-,-,-,-,-,-,-,-,-,-,-,-,-,-
,190-1-1,-,-,190,1,973-5-6,天延 1年 4 大 甲申 21-6358,"計算では21乙酉であるが, 日本紀略により甲申朔, 4月甲申朔のユリウス暦日は5月5日。",-,true,朔日相違,-,-,小,大,-,-,-,-,-,-,乙酉,甲申,973-5-6,973-5-5,21,20,-1,-1,-,-,-
,190-2-a,-,190-2-1,190,-,975-9-8,天延 3年 8 小 庚子 36-5307,-,-,true,次月大小,-,-,大,小,-,-,-,-,-,-,-,-,-,-,-,-,-,-,-,-,-
,190-2-1,-,-,190,2,975-10-8,天延 3年 9 大 己巳  6-17,"計算では6庚午であるが, 日本紀略により己巳朔, 9月己巳朔のユリウス暦日は10月7日。",-,true,朔日相違,-,-,小,大,-,-,-,-,-,-,庚午,己巳,975-10-8,975-10-7,6,5,-1,-1,-,-,-
,191-1-a,-,191-1-1,191,-,977-9-16,貞元 2年 8 小 己未 55-2619,-,-,true,次月大小,-,-,大,小,-,-,-,-,-,-,-,-,-,-,-,-,-,-,-,-,-
,191-1-1,-,-,191,1,977-10-16,貞元 2年 9 大 戊子 25-6435,"計算では25己丑であるが, 日本紀略により戊子朔, 9月戊子朔のユリウス暦日は10月15日。",-,true,朔日相違,-,-,小,大,-,-,-,-,-,-,己丑,戊子,977-10-16,977-10-15,25,24,-1,-1,-,-,-
,193-1-a,-,193-1-1,193,-,982-3-28,天元 5年 3 小 癸巳 29-3112,-,-,true,次月大小,-,-,大,小,-,-,-,-,-,-,-,-,-,-,-,-,-,-,-,-,-
,193-1-1,-,-,193,1,982-4-27,天元 5年 4 大 壬戌 59-6368,"計算では59癸亥とでるが, 日本紀略に壬戌朔とある。4月壬戌朔のユリウス暦日は4月26日。",-,true,朔日相違,-,-,小,大,-,-,-,-,-,-,癸亥,壬戌,982-4-27,982-4-26,59,58,-1,-1,-,-,-
,193-2-a,-,193-2-1,193,-,983-2-16,永観 1年 1 小 戊午 54-1068,-,-,true,次月大小,-,-,大,小,-,-,-,-,-,-,-,-,-,-,-,-,-,-,-,-,-
,193-2-1,-,-,193,2,983-3-18,永観 1年 2 大 丁亥 24-6398,"計算では24戊子とでるが, 日本紀略に丁亥朔とある。2月丁亥朔のユリウス暦日は3月17日。",-,true,朔日相違,-,-,小,大,-,-,-,-,-,-,戊子,丁亥,983-3-18,983-3-17,24,23,-1,-1,-,-,-
,197-1-a,-,197-1-1,197,-,994-4-14,正暦 5年 3 小 癸丑 49-1012,-,-,true,次月大小,-,-,大,小,-,-,-,-,-,-,-,-,-,-,-,-,-,-,-,-,-
,197-1-1,-,-,197,1,994-5-14,正暦 5年 4 大 壬午 19-6430,"計算では19癸未とでるが, 日本紀略に壬午朔とある。4月壬午朔のユリウス暦日は5月13日となる。",-,true,朔日相違,-,-,小,大,-,-,-,-,-,-,癸未,壬午,994-5-14,994-5-13,19,18,-1,-1,-,-,-
,197-2-a,-,197-2-1,197,-,994-6-12,正暦 5年 5 小 壬子 48-2706,-,-,true,次月大小,-,-,大,小,-,-,-,-,-,-,-,-,-,-,-,-,-,-,-,-,-
,197-2-1,-,-,197,2,994-7-12,正暦 5年 6 大 辛巳 18-6768,"計算では18壬午とでるが, 日本紀略に辛巳朔とある。6月辛巳朔のユリウス暦日は7月11日となる。",-,true,朔日相違,-,-,小,大,-,-,-,-,-,-,壬午,辛巳,994-7-12,994-7-11,18,17,-1,-1,-,-,-
,198-1-a,-,198-1-1,198,-,997-4-10,長徳 3年 3 小 乙丑  1-3104,-,-,true,次月大小,-,-,大,小,-,-,-,-,-,-,-,-,-,-,-,-,-,-,-,-,-
,198-1-1,-,-,198,1,997-5-10,長徳 3年 4 大 甲午 31-6786,"計算では31乙未とでるが, 日本紀略に甲午朔とある。4月甲午朔のユリウス暦日は5月9日。",-,true,朔日相違,-,-,小,大,-,-,-,-,-,-,乙未,甲午,997-5-10,997-5-9,31,30,-1,-1,-,-,-
,198-2-a,-,198-2-1,198,-,997-6-8,長徳 3年 5 小 甲子  0-2365,-,-,true,次月大小,-,-,大,小,-,-,-,-,-,-,-,-,-,-,-,-,-,-,-,-,-
,198-2-1,-,-,198,2,997-7-8,長徳 3年 6 大 癸巳 30-6758,"計算では30甲午とでるが, 日本紀略に癸巳朔とある。6月癸巳朔のユリウス暦日は7月7日。",-,true,朔日相違,-,-,小,大,-,-,-,-,-,-,甲午,癸巳,997-7-8,997-7-7,30,29,-1,-1,-,-,-
,199-1-a,-,199-1-1,199,-,1001-11-18,長保 3年  11 大 戊辰  4-2634,-,変更なし,false,次月大小,-,-,大,大,-,-,-,-,-,-,-,-,-,-,-,-,-,-,-,-,-
,199-1-0,199-1-1,-,199,-,1001-12-18,長保 3年  12 大 戊戌 34-8271,-,-,true,朔日相違,閏11月,12月,小,大,-,2,-,-,-,1002-1-16,-,-,-,-,-,-,-,-,-,-,-
,199-1-1,-,-,199,1,1002-1-16,長保 3年  閏12 小 戊辰 3-6021,"計算では閏11月であるが, 日本紀略などにより閏は12月。閏12月朔は, 計算では3丁卯であるが日本紀略・権記により戊辰, 閏12月戊辰朔のユリウス暦日は1月17日となる。",第4版には注釈が振られているが、注釈文が抜け落ちている。初版の注釈文を流用する。,true,朔日相違,12月,閏12月,大,小,2,-,-,-,1001-12-18,-,丁卯,戊辰,1002-1-16,1002-1-17,3,4,1,1,-,-,-
,199-2-a,-,199-2-1,199,-,1002-10-9,長保 4年  9 小 癸巳 29-2740,-,-,true,次月大小,-,-,大,小,-,-,-,-,-,-,-,-,-,-,-,-,-,-,-,-,-
,199-2-1,-,-,199,2,1002-11-8,長保 4年 10 大 壬戌 59-6378,"計算では59癸亥とでるが, 日本紀略により10月壬戌朔, したがってそのユリウス暦日は11月7日。",第4版には注釈が振られているが、注釈文が抜け落ちている。初版の注釈文を流用する。,true,朔日相違,-,-,小,大,-,-,-,-,-,-,癸亥,壬戌,1002-11-8,1002-11-7,59,58,-1,-1,-,-,-
,203-1-a,-,203-1-1,203,-,1014-3-4,長和 3年  2 小 丁巳 53-2429,-,-,true,次月大小,-,-,大,小,-,-,-,-,-,-,-,-,-,-,-,-,-,-,-,-,-
,203-1-1,-,-,203,1,1014-4-3,長和 3年 3 大 丙戌 23-6427,"計算は23丁亥, 日本紀略は丙戌朔, 3月丙戌朔のユリウス暦日は4月2日。",-,true,朔日相違,-,-,小,大,-,-,-,-,-,-,丁亥,丙戌,1014-4-3,1014-4-2,23,22,-1,-1,-,-,-
,205-1-a,-,205-1-1,205,-,1018-10-12,寛仁 2年 9 大 庚申 56-1115,-,-,true,次月大小,-,-,小,大,-,-,-,-,-,-,-,-,-,-,-,-,-,-,-,-,-
,205-1-1,-,-,205,1,1018-11-10,寛仁 2年 10 小 庚寅 25-6281,"計算では25己丑であるが, 四大を避けるため庚寅朔で実施されている。（御堂関白記・小右記・左経記など, 大日本史料第2編の13）,10月庚寅朔のユリウス暦日は11月11日となる。",-,true,朔日相違,-,-,大,小,-,-,-,-,-,-,己丑,庚寅,1018-11-10,1018-11-11,25,26,1,1,-,-,-
,207-1-a,-,207-1-1,207,-,1026-9-14,万寿 3年 8 大 甲戌 10-1045,-,-,true,次月大小,-,-,小,大,-,-,-,-,-,-,-,-,-,-,-,-,-,-,-,-,-
,207-1-1,-,-,207,1,1026-10-13,万寿 3年 9 小 甲辰 39-6082,"計算では39癸卯であるが, 小右記・左経記・日本紀略などにより甲辰朔。これは四大を避けるための変更である。9月甲辰朔のユリウス暦日は10月14日。",-,true,朔日相違,-,-,大,小,-,-,-,-,-,-,癸卯,甲辰,1026-10-13,1026-10-14,39,40,1,1,-,-,-
,209-1-a,-,209-1-1,209,-,1030-1-7,長元 2年 12 大 乙酉 21-1161,-,-,true,次月大小,-,-,小,大,-,-,-,-,-,-,-,-,-,-,-,-,-,-,-,-,-
,209-1-1,-,-,209,1,1030-2-5,長元 3年 1 小 乙卯 50-6232,"計算では50甲寅であるが, 日本紀略乙卯朔, 正月乙卯朔のユリウス暦日は2月6日。",-,true,朔日相違,-,-,大,小,-,-,-,-,-,-,甲寅,乙卯,1030-2-5,1030-2-6,50,51,1,1,-,-,-
,210-1-a,-,210-1-1,210,-,1034-8-17,長元 7年 7 大 戊子 24-1337,-,-,true,次月大小,-,-,小,大,-,-,-,-,-,-,-,-,-,-,-,-,-,-,-,-,-
,210-1-1,-,-,210,1,1034-9-15,長元 7年 8 小 戊午 53-6270,"計算は53丁巳であるが, 左経記・日本紀略により戊午, 8月戊午朔のユリウス暦日は9月16日。（四大を避けるための変更である）",-,true,朔日相違,-,-,大,小,-,-,-,-,-,-,丁巳,戊午,1034-9-15,1034-9-16,53,54,1,1,-,-,-
,211-1-a,-,211-1-1,211,-,1037-3-20,長暦 1年 3 大 甲戌 10-613,-,-,true,次月大小,-,-,小,大,-,-,-,-,-,-,-,-,-,-,-,-,-,-,-,-,-
,211-1-1,-,-,211,1,1037-4-18,長暦 1年 4 小 甲辰 39-5736,"計算は39癸卯であるが, 行親記により甲辰, 4月甲辰朔のユリウス暦日は4月19日。",-,true,朔日相違,-,-,大,小,-,-,-,-,-,-,癸卯,甲辰,1037-4-18,1037-4-19,39,40,1,1,-,-,-
,215-1-a,-,215-1-2,215,-,1050-10-19,永承 5年 10 小 乙卯 51-7981,-,変更なし,false,次月大小,-,-,小,小,-,-,-,-,-,-,-,-,-,-,-,-,-,-,-,-,-
,215-1-0,215-1-2,-,215,-,1050-11-17,永承 5年 閏10 小 甲申 20-5089,-,-,true,朔旦冬至,11月,閏10月,大,小,0,-,-,-,1050-12-17,-,-,-,-,-,-,-,-,-,-,-,-
,215-1-1,215-1-2,-,215,1,1050-12-17,永承 5年 11 大 癸丑 50-1948,-,-,true,朔旦冬至,閏11月,11月,大,大,-,0,-,-,-,1050-11-17,甲寅,癸丑,1050-12-17,1050-12-16,50,49,-1,-1,-,-,-
,215-1-2,-,-,215,1,1051-1-16,永承 5年 12 大 癸未 20-6665,"朔旦冬至にするために, 計算では閏11月であるが, 閏10月に変更された。そのためには中気のない月を閏月にするという規則に合わせるため, 11月朔を50甲寅から癸丑にする必要がある。それにつれて12月は甲申を癸未にしないと11月が31日になってしまう。11月癸丑朔のユリウス暦日は12月16日。12月癸丑朔は1月15日となる。（管見記84, 江次第, 扶桑略記などによる）。",-,true,朔旦冬至,-,-,小,大,-,-,-,-,-,-,甲申,癸未,1051-1-16,1051-1-15,20,19,-1,-1,-,-,-
,220-1-a,-,220-1-1,220,-,1063-9-25,康平 6年 9 大 己亥 35-2001,-,-,true,次月大小,-,-,小,大,-,-,-,-,-,-,-,-,-,-,-,-,-,-,-,-,-
,220-1-1,-,-,220,1,1063-10-24,康平 6年 10 小 己巳 4-6004,"計算は4戊辰, 扶桑略記により己巳とする。10月己巳朔のユリウス暦日は10月25日。",-,true,朔日相違,-,-,大,小,-,-,-,-,-,-,戊辰,己巳,1063-10-24,1063-10-25,4,5,1,1,-,-,-
,222-1-a,-,222-1-2,222,-,1069-10-18,延久 1年 10 大 甲午 30-2703,-,変更なし,false,次月大小,-,-,大,大,-,-,-,-,-,-,-,-,-,-,-,-,-,-,-,-,-
,222-1-0,222-1-1,-,222,-,1069-11-17,延久 1年 閏10 小 甲子 0-822,-,-,true,朔旦冬至,11月,閏10月,大,小,0,-,-,-,1069-12-17,-,-,-,-,-,-,-,-,-,-,-,-
,222-1-1,-,-,222,1,1069-12-17,延久 1年 11 大 癸巳 30-7195,"計算では30甲午であるが, 朔旦冬至にするために癸巳にして11月を閏10月に, 閏11月を11月にした。11月癸巳朔のユリウス暦日は12月16日となる。（管見記84）。",-,true,朔旦冬至,閏11月,11月,小,大,-,0,-,-,-,1069-11-17,甲午,癸巳,1069-12-17,1069-12-16,30,29,-1,-1,-,-,-
,226-1-a,-,226-1-1,226,-,1082-5-1,永保 2年 4 大 壬子 48-1071,-,-,true,次月大小,-,-,小,大,-,-,-,-,-,-,-,-,-,-,-,-,-,-,-,-,-
,226-1-1,-,-,226,1,1082-5-30,永保 2年 5 小 壬午 17-5669,"計算と扶桑略記は辛巳, 為房卿記により壬午とする方がよいと思われる。5月壬午朔とすればユリウス暦日は5月31日となる。",-,true,朔日相違,-,-,大,小,-,-,-,-,-,-,辛巳,壬午,1082-5-30,1082-5-31,17,18,1,1,-,-,-
,228-1-a,-,228-1-1,228,-,1089-1-15,寛治 2年 12 小 癸卯 39-320,-,-,true,次月大小,-,-,大,小,-,-,-,-,-,-,-,-,-,-,-,-,-,-,-,-,-
,228-1-1,-,-,228,1,1089-2-14,寛治 3年 1 大 壬申 9-6402,"計算では9癸酉であるが, 四大を避けるため壬申朔となった。正月壬申朔のユリウス暦日は2月13日。（大日本史料第3編の1; 中右記・扶桑略記・後二条師通記）。",-,true,四大回避,-,-,大,大,-,-,-,-,-,-,癸酉,壬申,1089-2-14,1089-2-13,9,8,-1,-1,-,-,-
,230-1-a,-,230-1-1,230,-,1095-1-9,嘉保 1年 12 小 戊辰  4-3361,-,-,true,次月大小,-,-,大,小,-,-,-,-,-,-,-,-,-,-,-,-,-,-,-,-,-
,230-1-1,-,-,230,1,1095-2-8,嘉保 2年 1 大 丁酉 34-7200,"計算では34戊戌であるが, 中右記により丁酉朔, 正月丁酉朔のユリウス暦日は2月7日。これは嘉保元年の年間日数が385日になるのを避けるための変更である。",-,true,年日数,-,-,小,大,-,-,-,-,-,-,戊戌,丁酉,1095-2-8,1095-2-7,34,33,-1,-1,-,-,-
,242-1-a,-,242-1-1,242,-,1129-8-17,大治 4年 閏7 小 丁未 43-1179,-,-,true,次月大小,8月,閏7月,大,小,-,-,-,-,-,-,-,-,-,-,-,-,-,-,-,-,-
,242-1-1,-,-,242,1,1129-9-16,大治 4年 8 大 丙子 13-6547,"計算は13丁丑であるが中右記により丙子, 8月丙子朔のユリウス暦日は9月15日となる。これは皇和通暦で中根元圭が「章首の後, 閏法もし8月を得ればまた必ず大小を消息してこれを7月に退く」と書いてあるように, このあとも何回かこの理由で干支が変更され, 閏が8月から7月に移された。これを退閏という。",-,true,退閏,閏8月,8月,小,大,-,-,-,-,-,-,丁丑,丙子,1129-9-16,1129-9-15,13,12,-1,-1,-,-,-
,245-1-a,-,245-1-1,245,-,1138-1-13,保延 3年 12 小 戊午 54-2825,-,-,true,次月大小,-,-,大,小,-,-,-,-,-,-,-,-,-,-,-,-,-,-,-,-,-
,245-1-1,-,-,245,1,1138-2-12,保延 4年 1 大 丁亥 24-6432,"計算では24戊子であるが中右記により丁亥, 正月丁亥朔のユリウス暦日は2月11日となる。保延3年の年間日数の385日になるのを避けるためである。",-,true,年日数,-,-,小,大,-,-,-,-,-,-,戊子,丁亥,1138-2-12,1138-2-11,24,23,-1,-1,-,-,-
,251-1-a,-,251-1-1,251,-,1156-11-15,保元 1年 10 小 己亥 35-1816,-,-,true,次月大小,-,-,大,小,-,-,-,-,-,-,-,-,-,-,-,-,-,-,-,-,-
,251-1-1,-,-,251,1,1156-12-15,保元 1年 11 大 戊辰  5-6930,"計算では5己巳であるが, 百錬抄・管見記により戊辰朔, 11月戊辰朔のユリウス暦日は12月14日。臨時朔旦冬至を避けるため冬至を11月1日から2日にずらしたもの。",-,true,朔旦冬至,-,-,小,大,-,-,-,-,-,-,己巳,戊辰,1156-12-15,1156-12-14,5,4,-1,-1,-,-,-
,251-2-a,-,251-2-1,251,-,1157-1-13,保元 1年 12 小 戊戌 34-3130,-,-,true,次月大小,-,-,大,小,-,-,-,-,-,-,-,-,-,-,-,-,-,-,-,-,-
,251-2-1,-,-,251,2,1157-2-12,保元 2年 1 大 丁卯 4-6885,"計算では4戊辰であるが百錬抄・管見記により丁卯朔, 正月丁卯朔のユリウス暦日は2月11日。保元元年の年間日数が385日になるのを避けるための干支変更。",-,true,年日数,-,-,小,大,-,-,-,-,-,-,戊辰,丁卯,1157-2-12,1157-2-11,4,3,-1,-1,-,-,-
,253-1-a,-,253-1-2,253,-,1162-2-16,応保 2年 2 大 戊戌 34-2910,-,変更なし,false,次月大小,-,-,大,大,-,-,-,-,-,-,-,-,-,-,-,-,-,-,-,-,-
,253-1-1,253-1-2,-,253,1,1162-3-18,応保 2年 閏2 小 戊辰  4-431,-,-,true,朔日相違,3月,閏2月,大,小,8,-,-,-,1162-4-17,-,-,-,-,-,-,-,-,-,-,-,-
,253-1-2,-,-,253,1,1162-4-17,応保 2年 3 大 丁酉 34-6308,"百錬抄・公卿補任などにより閏2月がたしかめられる。山槐記・公通卿記により3月朔丁酉, ３月丁酉朔とすれば, そのユリウス暦日は4月16日。",-,true,朔日相違,閏3月,3月,小,大,-,8,-,-,-,1162-3-18,戊戌,丁酉,1162-4-17,1162-4-16,34,33,-1,-1,-,-,-
,253-2-a,-,253-2-1,253,-,1164-10-18,長寛 2年  10 小 癸丑 49-1316,-,変更なし,false,次月大小,-,-,小,小,-,-,-,-,-,-,-,-,-,-,-,-,-,-,-,-,-
,253-2-0,253-2-1,-,253,-,1164-11-16,長寛 2年 閏10 小 壬午 18-5932,-,-,true,朔旦冬至,11月,閏10月,大,小,0,-,-,-,1164-12-16,-,-,-,-,-,-,-,-,-,-,-,-
,253-2-1,-,-,253,2,1164-12-16,長寛 2年 11 大 辛亥 48-1907,計算のままでは冬至が11月晦日にある。朔旦冬至にするため閏を11月から10月にうつしたもの。そのため計算の48壬子を辛亥に改めた。11月辛亥朔のユリウス暦日は12月15日。（管見記）,-,true,朔旦冬至,閏11月,11月,小,大,-,0,-,-,-,1164-11-16,壬子,辛亥,1164-12-16,1164-12-15,48,47,-1,-1,-,-,-
,260-1-a,-,260-1-2,260,-,1183-10-18,寿永 2年 10 大 壬辰 28-6156,-,変更なし,false,次月大小,-,-,大,大,-,-,-,-,-,-,-,-,-,-,-,-,-,-,-,-,-
,260-1-1,260-1-2,-,260,1,1183-11-17,寿永 2年 閏10 小 壬戌 58-3492,-,-,true,朔旦冬至,11月,閏10月,大,小,0,-,-,-,1183-12-17,-,-,-,-,-,-,-,-,-,-,-,-
,260-1-2,-,-,260,1,1183-12-17,寿永 2年 11 大 辛卯 28-592,"計算では28壬辰, 管見記・玉葉により辛卯朔, 11月辛卯朔のユリウス暦日は12月16日。計算では11月晦日になる冬至を朔旦冬至にするため, 閏を10月におきかえたもの。",-,true,朔旦冬至,閏11月,11月,小,大,-,0,-,-,-,1183-11-17,壬辰,辛卯,1183-12-17,1183-12-16,28,27,-1,-1,-,-,-
,261-1-a,-,261-1-1,261,-,1187-8-6,文治 3年 7 小 庚子 36-3885,-,-,true,次月大小,-,-,大,小,-,-,-,-,-,-,-,-,-,-,-,-,-,-,-,-,-
,261-1-1,-,-,261,1,1187-9-5,文治 3年 8 大 己巳 6-6449,"計算では6庚午であるが, 玉葉・吾妻鏡により己巳, 8月己巳朔のユリウス暦日は9月4日となる。",-,true,朔旦冬至,-,-,小,大,-,-,-,-,-,-,庚午,己巳,1187-9-5,1187-9-4,6,5,-1,-1,-,-,-
,266-1-a,-,266-1-1,266,-,1202-10-18,建仁 2年 10 大 壬申  8-585,-,変更なし,false,次月大小,-,-,大,大,-,-,-,-,-,-,-,-,-,-,-,-,-,-,-,-,-
,266-1-1,-,-,266,1,1202-11-17,建仁 2年 閏10 小 壬寅 38-7186,"計算では冬至が11月晦日であるが, これを朔旦冬至にするため計算の11月を閏10月に, 閏11月を11月にしたもの, 普通は干支を変更するが建仁2年の場合は冬至を6庚午から辛未に移した。（猪隈関白記・吾妻鏡）",-,true,朔旦冬至,11月,閏10月,小,小,0,-,庚午,-,1202-12-16,-,-,-,-,-,-,-,-,-,6,-,1
,266-1-0,266-1-1,-,266,-,1202-12-16,建仁 2年 11 大 辛未  7-5375,-,-,true,朔旦冬至,閏11月,11月,大,大,-,0,-,辛未,-,1202-11-17,-,-,-,-,-,-,-,-,-,7,-
,272-1-a,-,272-1-1,272,-,1221-11-16,承久 3年 閏10 小 辛巳 17-1577,-,-,true,次月大小,11月,閏10月,大,小,-,-,-,-,-,-,-,-,-,-,-,-,-,-,-,-,-
,272-1-1,-,-,272,1,1221-12-16,承久 3年 11 大 庚戌 47-8177,"計算では47辛亥, 朔旦冬至にするため庚戌朔, そのユリウス暦日は12月15日になる。",-,true,朔旦冬至,閏11月,11月,大,大,-,-,-,-,-,-,辛亥,庚戌,1221-12-16,1221-12-15,47,46,-1,-1,-,-,-
,272-2-1,-,-,272,2,1222-1-15,承久 3年 12 大 庚辰 17-6684,"計算では17辛巳, 1)の変更のためここは庚辰にしないと11月が31日になってしまう。したがって12月朔のユリウス暦日は1月14日となる。（大日本史料第5編の1; 承久3年, 4年日次記, 吾妻鏡）",-,true,朔旦冬至,-,-,小,大,-,-,-,-,-,-,辛巳,庚辰,1222-1-15,1222-1-14,17,16,-1,-1,-,-,-
,275-1-a,-,275-1-1,275,-,1228-1-9,安貞 1年 12 小 丙午 42-2281,-,-,true,次月大小,-,-,大,小,-,-,-,-,-,-,-,-,-,-,-,-,-,-,-,-,-
,275-1-1,-,-,275,1,1228-2-8,安貞 2年 1 大 乙亥 12-6333,"計算では12丙子, 大日本史料第5編の1, 玉蘂ほか, 吾妻鏡などにより乙亥, 正月乙亥朔のユリウス暦日は2月7日となる。安貞元年の年間日数が385日になるのを避けるため。",-,true,年日数,-,-,小,大,-,-,-,-,-,-,丙子,乙亥,1228-2-8,1228-2-7,12,11,-1,-1,-,-,-
,280-1-a,-,280-1-1,280,-,1243-8-17,寛元 1年 閏7 小 乙巳 41-3888,-,-,true,次月大小,8月,閏7月,大,小,-,-,-,-,-,-,-,-,-,-,-,-,-,-,-,-,-
,280-1-1,-,-,280,1,1243-9-16,寛元 1年 8 大 甲戌 11-8386,"計算では11乙亥, 妙光寺内府除目部類・吾妻鏡など（大日本史料第5編の16）により甲戌, 8月甲戌朔のユリウス暦日は9月15日。章首の後の閏8月を避けるためである。大治4（1129）年の注参照。",-,true,閏8月回避,閏8月,8月,小,大,-,-,-,-,-,-,乙亥,甲戌,1243-9-16,1243-9-15,11,10,-1,-1,-,-,-
,285-1-a,-,285-1-1,285,-,1259-11-16,正元 1年 閏10 小 庚子 36-4898,-,-,true,次月大小,11月,閏10月,大,小,-,-,-,-,-,-,-,-,-,-,-,-,-,-,-,-,-
,285-1-1,-,-,285,1,1259-12-16,正元 1年 11 大 己巳 6-928,"計算では6庚午, 百錬抄により己巳, 11月己巳朔のユリウス暦日は12月15日, 計算では冬至が11月晦日になるのを朔旦冬至にするため。",-,true,朔旦冬至,閏11月,11月,小,大,-,-,-,-,-,-,庚午,己巳,1259-12-16,1259-12-15,6,5,-1,-1,-,-,-
,289-1-a,-,289-1-1,289,-,1270-11-15,文永 7年 10 小 丁酉 33-2456,-,-,true,次月大小,-,-,大,小,-,-,-,-,-,-,-,-,-,-,-,-,-,-,-,-,-
,289-1-1,-,-,289,1,1270-12-15,文永 7年 11 大 丙寅 3-6687,"計算では3丁卯, 臨時朔旦冬至を避けるため丙寅, 11月丙寅朔のユリウス暦日は12月14日。（親長卿記, 続史愚抄ほか）",-,true,朔旦冬至,-,-,小,大,-,-,-,-,-,-,丁卯,丙寅,1270-12-15,1270-12-14,3,2,-1,-1,-,-,-
,291-1-a,-,291-1-1,291,-,1278-10-18,弘安 1年 10 小 辛亥 47-1607,-,変更なし,false,次月大小,-,-,小,小,-,-,-,-,-,-,-,-,-,-,-,-,-,-,-,-,-
,291-1-0,291-1-1,-,291,-,1278-11-16,弘安 1年 閏10 小 庚辰 16-5346,-,-,true,朔旦冬至,11月,閏10月,大,小,0,-,-,-,1278-12-16,-,-,-,-,-,-,-,-,-,-,-,-
,291-1-1,-,-,291,1,1278-12-16,弘安 1年 11 大 己酉 46-647,"計算では46庚戌, 勘仲記により己酉, 11月己酉朔のユリウス暦日は12月15日となる。朔旦冬至にするための変更。",-,true,朔旦冬至,閏11月,11月,小,大,-,0,-,-,-,1278-11-16,庚戌,己酉,1278-12-16,1278-12-15,46,45,-1,-1,-,-,-
,292-1-a,-,292-1-1,292,-,1281-7-17,弘安 4年 7 大 甲午 30-5596,-,変更なし,false,次月大小,-,-,大,大,-,-,-,-,-,-,-,-,-,-,-,-,-,-,-,-,-
,292-1-1,-,-,292,1,1281-8-16,弘安 4年 閏7 大 甲子  0-1944,"章首のあとの閏8月を避けるため（大治4年, 西暦1129年の注参照）, 閏を7月に変えている。朔干支は変えず, 秋分の干支を癸巳から甲午に変えている。（勘仲記・続史愚抄・暦断簡より）",-,true,閏8月回避,8月,閏7月,大,大,18,-,癸巳,-,1281-9-15,-,-,-,-,-,-,-,-,-,29,-,1
,292-1-0,292-1-1,-,292,-,1281-9-15,弘安 4年 8 小 甲午 30-7494,-,-,true,閏8月回避,閏8月,8月,小,小,-,18,-,甲午,-,1281-8-16,-,-,-,-,-,-,-,-,-,30,-
,298-1-a,-,298-1-1,298,-,1297-10-18,永仁 5年 10 小 辛卯 27-8281,-,変更なし,false,次月大小,-,-,小,小,-,-,-,-,-,-,-,-,-,-,-,-,-,-,-,-,-
,298-1-0,298-1-1,-,298,-,1297-11-16,永仁 5年 閏10 小 庚申 56-4720,-,-,true,朔旦冬至,11月,閏10月,大,小,0,-,-,-,1297-12-16,-,-,-,-,-,-,-,-,-,-,-,-
,298-1-1,-,-,298,1,1297-12-16,永仁 5年 11 大 己丑 26-932,"計算では26庚寅であるが, 朔旦冬至にするため, 11月朔は己丑。（定清記・続史愚抄）, 11月己丑朔なら, そのユリウス暦日は12月15日。",-,true,朔旦冬至,閏11月,11月,小,大,-,0,-,-,-,1297-11-16,庚寅,己丑,1297-12-16,1297-12-15,26,25,-1,-1,-,-,-
,301-1-a,-,301-1-1,301,-,1308-11-14,延慶 1年 10 小 丙辰 52-4226,-,-,true,次月大小,-,-,大,小,-,-,-,-,-,-,-,-,-,-,-,-,-,-,-,-,-
,301-1-1,-,-,301,1,1308-12-14,延慶 1年 11 大 乙酉 22-2281,"計算では22丙戌, 実施は11月乙酉朔（続史愚抄・日吉社並叡山行事記）。臨時朔旦冬至を避けるため。そのユリウス暦日は12月13日。",-,true,朔日相違,-,-,大,大,-,-,-,-,-,-,丙戌,乙酉,1308-12-14,1308-12-13,22,21,-1,-1,-,-,-
,301-2-1,-,-,301,2,1309-1-13,延慶 1年 12 大 乙卯  52-8236,"計算では52丙辰であるが, 11月朔干支変更のため, 12月も乙卯にしないと11月が31日になってしまう。12月乙卯朔のユリウス暦日は1月12日。",-,true,朔日相違,-,-,小,大,-,-,-,-,-,-,丙辰,乙卯,1309-1-13,1309-1-12,52,51,-1,-1,-,-,-
,304-1-a,-,304-1-1,304,-,1316-10-17,正和 5年 10 小 庚午  6-4242,-,-,true,次月大小,-,-,大,小,-,-,-,-,-,-,-,-,-,-,-,-,-,-,-,-,-
,304-1-1,304-0-1,-,304,1,1316-11-16,正和 5年 閏10 小 己亥  36-1802,"計算は36庚子であるが, 実施は35己亥である。閏10月己亥朔のユリウス暦日は11月15日となる。",-,true,朔旦冬至,11月,閏10月,大,小,0,-,-,-,-,-,庚子,己亥,1316-11-16,1316-11-15,36,35,-1,-1,-,-,-
,304-2-1,304-0-1,-,304,2,1316-12-16,正和 5年 11 大 戊辰 6-7548,"計算は6庚午であるが, 実施は4戊辰である。11月戊辰朔のユリウス暦日は12月14日となる。",-,true,朔旦冬至,閏11月,11月,小,大,-,0,-,-,-,-,庚午,戊辰,1316-12-16,1316-12-14,6,4,-2,-2,-,-,-
,304-3-1,304-0-1,-,304,3,1317-1-14,正和 5年 12 大 戊戌 35-4316,"計算は35己亥であるが, 実施は34戊戌である。12月戊戌朔のユリウス暦日は1月13日となる。",-,true,朔旦冬至,-,-,大,大,-,-,-,-,-,-,己亥,戊戌,1317-1-14,1317-1-13,35,34,-1,-1,-,-,-
,304-4-1,304-0-1,-,304,4,1317-2-13,文保 1年 1 大 戊辰  5-230,"計算は5己巳であるが, 実施は4戊辰である。正月戊辰朔のユリウス暦日は2月12日となる。",-,true,朔旦冬至,-,-,小,大,-,-,-,-,-,-,己巳,戊辰,1317-2-13,1317-2-12,5,4,-1,-1,-,-,-
,304-5-a,-,304-5-1,304,-,1317-3-14,文保 1年 2 小 戊戌 34-3664,-,-,true,次月大小,-,-,大,小,-,-,-,-,-,-,-,-,-,-,-,-,-,-,-,-,-
,304-5-1,304-0-1,-,304,5,1317-4-13,文保 1年 3 大 丁卯 4-6373,"計算は4戊辰であるが, 実施は3丁卯である。3月丁卯朔のユリウス暦日は4月12日となる。",-,true,四大回避,-,-,小,大,-,-,-,-,-,-,戊辰,丁卯,1317-4-13,1317-4-12,4,3,-1,-1,-,-,-
,304-0-1,-,-,304,-,1316-11-16/1317-4-13,-,"朔旦冬至部類記所引大外記良枝記により11月1日戊辰はたしかめられる。計算では閏11月庚午朔であり, 冬至と2日違う。これを強いて朔旦冬至にするため11月戊辰朔とし閏10月で実施した。そのためには閏10月, 12月, 正月の朔干支も1日ずつずらす必要がある。文保元年3月は計算通りに実施すると四大が生じてしまうので丁卯とし, 2月と3月の大小を入れかえたもので, この変改は, 具注暦断簡, 花園院辰記によってたしかめられる。",-,false,-,-,-,-,-,-,-,-,-,-,-,-,-,-,-,-,-,-,-,-,-,-
,310-1-a,-,310-1-1,310,-,1335-10-18,建武 2年 10 小 庚戌  46-6934,-,変更なし,false,次月大小,-,-,小,小,-,-,-,-,-,-,-,-,-,-,-,-,-,-,-,-,-
,310-1-0,310-0-1,-,310,-,1335-11-16,建武 2年 閏10 小 己卯  15-5074,-,-,true,朔旦冬至,11月,閏10月,大,小,0,-,-,-,1335-12-16,-,-,-,-,-,-,-,-,-,-,-,-
,310-1-1,310-0-1,-,310,1,1335-12-16,建武 2年 11 大 戊申  45-3453,"計算では45己酉であるが, 実施暦は戊申, 11月戊申朔のユリウス暦は12月15日となる。",-,true,朔旦冬至,12月,11月,大,大,2,0,-,-,1336-1-15,1335-11-16,己酉,戊申,1335-12-16,1335-12-15,45,44,-1,-1,-,-,-
,310-2-1,310-0-1,-,310,2,1336-1-15,建武 2年 12 大 戊寅 15-1340,"計算では15己卯であるが, 実施暦は戊寅, 12月戊寅朔のユリウス暦は1月14日となる。",-,true,朔旦冬至,閏12月,12月,大,大,-,2,-,-,-,1335-12-16,己卯,戊寅,1336-1-15,1336-1-14,15,14,-1,-1,-,-,-
,310-0-1,-,-,310,-,1335-12-16/1336-1-15,-,"計算では冬至は11月晦日で閏は12月にある。これを朔旦冬至にするため, 計算の12月朔己酉を戊申とし11月朔日としたもの。翌建武3年2月が戊寅であるから, その間の12月, 正月は戊寅・戊申とせざるを得ない。大日本史料第6編の2; 朔旦冬至部類記所引大外記頼元記及び官方記による。",-,false,-,-,-,-,-,-,-,-,-,-,-,-,-,-,-,-,-,-,-,-,-,-
,311-1-1,311-0-1,-,311,1,1336-2-14,延元 1年 1 大 戊申 45-6786,"計算では45己酉, 実施暦は戊申, 正月戊申朔のユリウス暦日は2月13日となる。",-,true,朔旦冬至,-,-,小,大,-,-,-,-,-,-,己酉,戊申,1336-2-14,1336-2-13,45,44,-1,-1,-,-,-
,311-2-a,-,311-2-1,311,-,1336-3-14,延元 1年 2 小 戊寅 14-2928,-,-,true,次月大小,-,-,大,小,-,-,-,-,-,-,-,-,-,-,-,-,-,-,-,-,-
,311-2-1,311-0-1,-,311,2,1336-4-13,延元 1年 3 大 丁未 44-6590,"計算では44戊申, 実施暦は丁未, 3月丁未朔のユリウス暦日は4月12日となる。",-,true,四大回避,-,-,小,大,-,-,-,-,-,-,戊申,丁未,1336-4-13,1336-4-12,44,43,-1,-1,-,-,-
,311-0-1,-,-,311,-,1336-2-14/1336-4-13,-,"前頁, 建武2年11月朔よりの干支移動により3月を計算通り戊申で実施すると四大が生ずるので, これを避けるため, 丁未とし2月, 3月の大小を入れかえた。（延元元年具注暦断簡, 御神楽雑記所引故殿御記）。",-,false,-,-,-,-,-,-,-,-,-,-,-,-,-,-,-,-,-,-,-,-,-,-
,311-3-a,-,311-3-1,311,-,1338-7-18,延元 3年 7 小 甲午 30-3079,-,変更なし,false,次月大小,-,-,小,小,-,-,-,-,-,-,-,-,-,-,-,-,-,-,-,-,-
,311-3-0,-,-,311,-,1338-8-16,延元 3年 閏7 小 癸亥 59-5822,-,-,true,閏8月回避,8月,閏7月,大,小,18,-,-,-,1338-9-15,-,-,-,-,-,-,-,-,-,-,-,-
,311-3-1,-,-,311,3,1338-9-15,延元 3年 8 大 壬辰 29-103,"計算では29癸巳, 実夏公記ほか（大日本史料第6編の5）により壬辰, 8月壬辰朔のユリウス暦日は9月14日となる。これは章首のあとの閏8月を避けたものである。（大治4, 西暦1129年の注参照）",-,true,閏8月回避,閏8月,8月,小,大,-,18,-,-,-,1338-8-16,癸巳,壬辰,1338-9-15,1338-9-14,29,28,-1,-1,-,-,-
,313-1-a,-,313-1-1,313,-,1343-12-18,興国 4年 12 小 癸巳 29-814,-,-,true,次月大小,-,-,大,小,-,-,-,-,-,-,-,-,-,-,-,-,-,-,-,-,-
,313-1-1,-,-,313,1,1344-1-17,興国 5年 1 大 壬戌 59-6335,"計算は59癸亥, 園太暦・師守記など（大日本史料第6編の8）により壬戌, 正月壬戌朔のユリウス暦日は1月16日。小余が進朔限に近く, 進朔すべきをしなかった司暦の誤りか。",-,true,進朔なし,-,-,小,大,-,-,-,-,-,-,癸亥,壬戌,1344-1-17,1344-1-16,59,58,-1,-1,-,-,-
,318-1-0,318-1-1,-,318,-,1357-8-16,正平 12年 閏7 小 癸卯 39-5146,-,-,true,閏8月回避,8月,閏7月,大,小,18,-,-,-,1357-9-15,-,-,-,-,-,-,-,-,-,-,-,-
,318-1-1,-,-,318,1,1357-9-15,正平 12年 8 大 壬申 9-357,"計算では9癸酉であるが, 章首のあとの閏8月を避けるため壬申に変え閏7月にしたもの。（大日本史料第6編の21）8月壬申朔のユリウス暦日は9月14日となる。",-,true,閏8月回避,閏8月,8月,小,大,-,18,-,-,-,1357-8-16,癸酉,壬申,1357-9-15,1357-9-14,9,8,-1,-1,-,-,-
,323-1-a,-,323-1-1,323,-,1373-10-17,文中 2年 10 小 己巳  5-473,-,変更なし,false,次月大小,-,-,小,小,-,-,-,-,-,-,-,-,-,-,-,-,-,-,-,-,-
,323-1-0,323-0-1,-,323,-,1373-11-15,文中 2年 閏10 小 戊戌 34-4924,-,-,true,朔旦冬至,11月,閏10月,大,小,0,-,-,-,1373-12-15,-,-,-,-,-,-,-,-,-,-,-,-
,323-1-1,323-0-1,-,323,1,1373-12-15,文中 2年 11 大 丁卯  4-1834,"計算では4戊辰, 実施暦は丁卯, 11月丁卯朔のユリウス暦日は12月14日である。",-,true,朔旦冬至,閏11月,11月,大,大,-,0,-,-,-,-,戊辰,丁卯,1373-12-15,1373-12-14,4,3,-1,-1,-,-,-
,323-2-1,323-0-1,-,323,2,1374-1-14,文中 2年 12 大 丁酉 34-7668,"計算では34戊戌, 実施暦は丁酉, 12月丁酉朔のユリウス暦日は1月13日である。",-,true,朔旦冬至,-,-,小,大,-,-,-,-,-,-,戊戌,丁酉,1374-1-14,1374-1-13,34,33,-1,-1,-,-,-
,323-3-a,-,323-3-1,323,-,1374-3-14,文中 3年 2 小 丁酉 33-3062,-,-,true,次月大小,-,-,大,小,-,-,-,-,-,-,-,-,-,-,-,-,-,-,-,-,-
,323-3-1,323-0-1,-,323,3,1374-4-13,文中 3年 3 大 丙寅 3-477,"計算では3丁卯, 実施暦は丙寅, 3月丙寅朔のユリウス暦日は4月12日である。",-,true,四大回避,-,-,小,大,-,-,-,-,-,-,丁卯,丙寅,1374-4-13,1374-4-12,3,2,-1,-1,-,-,-
,323-0-1,-,-,323,-,1373-12-15/1374-4-13,-,"計算では冬至が11月晦日になる。これを朔旦冬至にするため計算の閏11月朔を丁卯に改め, 閏を10月に移動させた。11月朔と翌正月朔が丁卯だから12月は丁酉とならざるを得ない。応安7年3月は推算通り丁卯にすると四大が生ずる。これを避けるため丙寅にして2月小とした。以上は御深心院関白記・洞院公定日記の暦記によるが, 空華日用工夫略集の三島暦による暦日では丁卯となっている。京暦は四大を避け, 三島暦は避けなかったと解すべきである。（桃裕行氏;「四大を避けること」）",-,false,-,-,-,-,-,-,-,-,-,-,-,-,-,-,-,-,-,-,-,-,-,-
,324-1-a,-,324-1-1,324,-,1376-7-17,天授 2年 7 大 癸丑 49-5610,-,変更なし,false,次月大小,-,-,大,大,-,-,-,-,-,-,-,-,-,-,-,-,-,-,-,-,-
,324-1-0,324-1-1,-,324,-,1376-8-16,天授 2年 閏7 小 癸未 19-2176,-,-,true,閏8月回避,8月,閏7月,大,小,18,-,-,-,1376-9-15,-,-,-,-,-,-,-,-,-,-,-,-
,324-1-1,-,-,324,1,1376-9-15,天授 2年 8 大 壬子 49-6920,"計算では49癸丑であるが, 章首のあとの閏8月を避けるために壬子。（大治4年; 1129年の注参照）。8月壬子朔のユリウス暦日は9月14日となる。（愚管記・続史愚抄・円覚寺文書など）。",-,true,閏8月回避,閏8月,8月,小,大,-,18,-,-,-,1376-8-16,癸丑,壬子,1376-9-15,1376-9-14,49,48,-1,-1,-,-,-
,329-1-a,-,329-1-1,329,-,1392-10-17,元中 9年 10 小 己酉 45-552,-,変更なし,false,次月大小,-,-,小,小,-,-,-,-,-,-,-,-,-,-,-,-,-,-,-,-,-
,329-1-0,329-1-1,-,329,-,1392-11-15,元中 9年 閏10 小 戊寅 14-3986,-,-,true,朔旦冬至,11月,閏10月,大,小,0,-,-,-,1392-12-15,-,-,-,-,-,-,-,-,-,-,-,-
,329-1-1,-,-,329,1,1392-12-15,元中 9年 11 大 丁未 44-8198,"計算では44戊申であるが, 実施暦は丁未, 11月丁未朔のユリウス暦日は12月14日。計算では冬至が11月晦日になるのを, 11月朔日にして朔旦冬至としたもの。大日本史料第7編の１；統史愚抄・春日祭歴名部類などによる。",-,true,朔旦冬至,閏11月,11月,小,大,-,0,-,-,-,1392-11-15,戊申,丁未,1392-12-15,1392-12-14,44,43,-1,-1,-,-,-
,330-1-a,-,330-1-1,330,-,1395-7-18,応永 2年 7 小 癸巳 29-8293,-,変更なし,false,次月大小,-,-,小,小,-,-,-,-,-,-,-,-,-,-,-,-,-,-,-,-,-
,330-1-0,330-0-1,-,330,-,1395-8-16,応永 2年 閏7 小 壬戌 58-5401,-,-,true,閏8月回避,8月,閏7月,大,小,18,-,-,-,1395-9-15,-,-,-,-,-,-,-,-,-,-,-,-
,330-1-1,330-0-1,-,330,1,1395-9-15,応永 2年 8 大 辛卯 28-2774,"計算では28壬辰, 実施暦は辛卯, 8月辛卯朔のユリウス暦日は9月14日である。",-,true,閏8月回避,閏8月,8月,大,大,-,18,-,-,-,1395-8-16,壬辰,辛卯,1395-9-15,1395-9-14,28,27,-1,-1,-,-,-
,330-2-1,330-0-1,-,330,2,1395-10-15,応永 2年 9 大 辛酉 58-9,"計算では58壬戌, 実施暦は辛酉, 9月辛酉朔のユリウス暦日は10月14日である。",-,true,閏8月回避,-,-,小,大,-,-,-,-,-,-,壬戌,辛酉,1395-10-15,1395-10-14,58,57,-1,-1,-,-,-
,330-3-a,-,330-3-1,330,-,1395-12-13,応永 2年 11 小 辛酉 57-2270,-,-,true,次月大小,-,-,大,小,-,-,-,-,-,-,-,-,-,-,-,-,-,-,-,-,-
,330-3-1,330-0-1,-,330,3,1396-1-12,応永 2年 12 大 庚寅 27-6982,"計算では27辛卯, 実施暦は庚寅, 12月庚寅朔のユリウス暦日は1月11日である。",-,true,四大回避,-,-,小,大,-,-,-,-,-,-,辛卯,庚寅,1396-1-12,1396-1-11,27,26,-1,-1,-,-,-
,330-0-1,-,-,330,-,1395-9-15/1396-1-12,-,"章首の後の閏8月を避けるために計算では閏8月朔壬辰と出たものを辛卯にし閏7月としたもの, 8月, 10月が共に辛卯だから9月は辛酉にかえないと8月が31日になってしまう。12月は計算通りにすると四大が生ずるので, それを避けるための変更, 大日本史料第7編の2; 荒暦, 柳原家記録および具注暦による。",-,false,-,-,-,-,-,-,-,-,-,-,-,-,-,-,-,-,-,-,-,-,-,-
,331-1-a,-,331-1-1,331,-,1396-5-8,応永 3年 4 大 戊子 24-2970,-,-,true,次月大小,-,-,小,大,-,-,-,-,-,-,-,-,-,-,-,-,-,-,-,-,-
,331-1-1,-,-,331,1,1396-6-6,応永 3年 5 小 戊午 53-6243,"計算は53丁巳, 荒暦により戊午, 5月戊午朔のユリウス暦日は6月7日である。小余が進朔限に近く, 進朔すべきでないのを誤って進朔したものであろう。",-,true,進朔なし,-,-,大,小,-,-,-,-,-,-,丁巳,戊午,1396-6-6,1396-6-7,53,54,1,1,-,-,-
,336-1-a,-,336-1-1,336,-,1411-10-18,応永 18年 10 小 己丑 25-545,-,変更なし,false,次月大小,-,-,小,小,-,-,-,-,-,-,-,-,-,-,-,-,-,-,-,-,-
,336-1-0,336-1-1,-,336,-,1411-11-16,応永 18年 閏10 小 戊午 54-4501,-,-,true,朔旦冬至,11月,閏10月,大,小,0,-,-,-,1411-12-16,-,-,-,-,-,-,-,-,-,-,-,-
,336-1-1,-,-,336,1,1411-12-16,応永 18年 11 大 丁亥 24-8316,"計算は24戊子, 実施は23丁亥, 11月丁亥朔のユリウス暦日は12月15日である。計算のままでは冬至が11月晦日となるのを, 閏10月に変え朔旦冬至としたもの。大日本史料第7編の14; 朔旦冬至部類, 続史愚抄, および頒暦断簡による。",-,true,朔旦冬至,閏11月,11月,小,大,-,0,-,-,-,1411-11-16,戊子,丁亥,1411-12-16,1411-12-15,24,23,-1,-1,-,-,-
,343-1-a,-,343-1-1,343,-,1433-9-14,永享 5年 8 小 辛亥 47-1199,-,-,true,次月大小,-,-,大,小,-,-,-,-,-,-,-,-,-,-,-,-,-,-,-,-,-
,343-1-1,-,-,343,1,1433-10-14,永享 5年 9 大 庚辰 17-6334,"計算では17辛巳であるが看聞御記により庚辰, したがって9月庚辰朔のユリウス暦日は10月13日。これは小余が進朔限を僅かにこえているのに司暦の誤算で進朔しなかったものと思われる。",-,true,進朔なし,-,-,小,大,-,-,-,-,-,-,辛巳,庚辰,1433-10-14,1433-10-13,17,16,-1,-1,-,-,-
,343-2-a,-,343-2-1,343,-,1434-1-11,永享 5年 12 小 庚戌 46-763,-,-,true,次月大小,-,-,大,小,-,-,-,-,-,-,-,-,-,-,-,-,-,-,-,-,-
,343-2-1,-,-,343,2,1434-2-10,永享 6年 1 大 己卯 16-6844,"計算では16庚辰であるが, 実施は己卯, したがって正月己卯朔のユリウス暦日は2月9日となる。前年9月の誤算のためにここを計算通り庚辰とすると四大となる。それを避けるためか, あるいはここも計算で進朔すべきをしなかったものか明らかでない。看聞御記, 師郷記などによる。",-,true,四大回避/進朔なし,-,-,小,大,-,-,-,-,-,-,庚辰,己卯,1434-2-10,1434-2-9,16,15,-1,-1,-,-,-
,346-1-a,-,346-1-1,346,-,1441-11-14,嘉吉 1年 10 小 甲午 30-2163,-,-,true,次月大小,-,-,大,小,-,-,-,-,-,-,-,-,-,-,-,-,-,-,-,-,-
,346-1-1,346-0-1,-,346,1,1441-12-14,嘉吉 1年 11 大 癸亥 0-423,"計算では0甲子であるが, 建内記により癸亥, 11月癸亥朔のユリウス暦日は12月13日となる。",-,true,朔旦冬至,-,-,大,大,-,-,-,-,-,-,甲子,癸亥,1441-12-14,1441-12-13,0,59,59,-1,-,-,-
,346-2-1,346-0-1,-,346,2,1442-1-13,嘉吉 1年 12 大 癸巳 30-6596,"計算では30甲午であるが, 建内記により癸巳, 12月癸巳朔のユリウス暦日は1月12日となる。",-,true,朔旦冬至,-,-,小,大,-,-,-,-,-,-,甲午,癸巳,1442-1-13,1442-1-12,30,29,-1,-1,-,-,-
,346-0-1,-,-,346,-,1441-12-14/1442-1-13,-,計算では朔旦冬至となる。これを臨時朔旦冬至として避けるために甲子を癸亥にして冬至を11月2日にしたもの。12月の変更は計算通り甲午にしておくと11月が31日になってしまうから。,-,false,-,-,-,-,-,-,-,-,-,-,-,-,-,-,-,-,-,-,-,-,-,-
,348-1-a,-,348-1-1,348,-,1449-10-17,宝徳 1年 10 小 戊申 44-2244,-,-,true,次月大小,-,-,大,小,-,-,-,-,-,-,-,-,-,-,-,-,-,-,-,-,-
,348-1-1,348-0-1,-,348,1,1449-11-16,宝徳 1年 閏10 小 丁丑 14-22,"計算では14戊寅, 康富記により丁丑, 閏10月丁丑朔のユリウス暦日は11月15日となる。",-,true,朔旦冬至,11月,閏10月,小,小,0,-,-,-,1449-12-15,-,戊寅,丁丑,1449-11-16,1449-11-15,14,13,-1,-1,-,-,-
,348-2-1,348-0-1,-,348,2,1449-12-15,宝徳 1年 11 大 丙午 43-5895,"計算では43丁未, 康富記により丙午, 11月丙午朔のユリウス暦日は12月14日となる。",-,true,朔旦冬至,12月,11月,大,大,-,0,-,-,-,1449-11-16,丁未,丙午,1449-12-15,1449-12-14,43,42,-1,-1,-,-,-
,348-3-1,348-0-1,-,348,3,1450-1-14,宝徳 1年 12 大 丙子 13-2995,"計算では13丁丑, 康富記により丙子, 12月丙子朔のユリウス暦日は1月13日となる。",-,true,朔旦冬至,閏12月,12月,大,大,-,-,-,-,-,-,丁丑,丙子,1450-1-14,1450-1-13,13,12,-1,-1,-,-,-
,348-0-1,-,-,348,-,1449-11-16/1450-2-13,-,"計算では冬至が11月晦日になるのを, 強いて朔旦冬至にするため計算の12月丁未朔を11月丙午朔に変え閏を10月に移動させた。閏10月朔を計算通り戊寅朔にしておくと閏10月は28日しかなくなってしまう。11月朔丙午, 翌宝徳2年2月丙子とからその間の12月正月の干支は丙子, 丙子に変えないと31日の月ができてしまう。",-,false,-,-,-,-,-,-,-,-,-,-,-,-,-,-,-,-,-,-,-,-,-,-
,349-1-1,348-0-1,-,349,1,1450-2-13,宝徳 2年 1 大 丙午 43-7539,"計算では13丁未, 康富記により丙午, 正月丙午朔のユリウス暦日は2月12日となる。（前項の注記参照）",日本暦日原典の誤り。「丁未」ではなく「丁丑」,true,朔旦冬至,-,-,小,大,-,-,-,-,-,-,丁未,丙午,1450-2-13,1450-2-12,43,42,-1,-1,-,-,-
,355-1-a,-,355-1-1,355,-,1468-10-16,応仁 2年 10 大 丁亥 23-4972,-,変更なし,false,次月大小,-,-,大,大,-,-,-,-,-,-,-,-,-,-,-,-,-,-,-,-,-
,355-1-0,355-0-1,-,355,-,1468-11-15,応仁 2年 閏10 小 丁巳 53-2951,-,-,true,朔旦冬至,11月,閏10月,大,小,0,-,-,-,1468-12-15,-,-,-,-,-,-,-,-,-,-,-,-
,355-1-1,355-0-1,-,355,1,1468-12-15,応仁 2年 11 大 丙戌 23-1449,"計算では23丁亥, 碧山日録など（大日本史料第8編の2）により丙戌, 11月丙戌朔のユリウス暦日は12月14日。",-,true,朔旦冬至,12月,11月,大,大,2,0,-,-,1469-1-14,1468-11-15,丁亥,丙戌,1468-12-15,1468-12-14,23,22,-1,-1,-,-,-
,355-2-1,355-0-1,-,355,2,1469-1-14,応仁 2年 12 大 丙辰 53-7947,"計算では53丁巳, 碧山日録など（大日本史料第8編の2）により丙辰, 12月丙辰朔のユリウス暦日は1月13日。",-,true,月日数,閏12月,12月,小,大,-,2,-,-,-,1468-12-15,丁巳,丙辰,1469-1-14,1469-1-13,53,52,-1,-1,-,-,-
,355-0-1,-,-,355,-,1468-12-15/1469-1-14,-,"計算のままでは11月晦日にある冬至を移して朔旦冬至にするための変更, 12月を丙辰に変えたのは前月の変更により計算のままでは11月が31日になるから。",-,false,-,-,-,-,-,-,-,-,-,-,-,-,-,-,-,-,-,-,-,-,-,-
,356-1-a,-,356-1-1,356,-,1473-6-26,文明 5年 6 大 辛酉 57-7408,-,-,true,次月大小,-,-,小,大,-,-,-,-,-,-,-,-,-,-,-,-,-,-,-,-,-
,356-1-1,-,-,356,1,1473-7-25,文明 5年 7 小 辛卯 26-3892,"計算では26庚寅, 親元日記（大日本史料第8編の6）により27 辛卯, 7月辛卯朔ならそのユリウス暦日は7月26日となる。ただし大日本史料そのものは月朔干支に庚寅を採用している。",-,true,朔日相違,-,-,大,小,-,-,-,-,-,-,庚寅,辛卯,1473-7-25,1473-7-26,26,27,1,1,-,-,-
,358-1-a,-,358-1-1,358,-,1479-11-14,文明 11年 10 小 癸丑 49-1582,-,-,true,次月大小,-,-,大,小,-,-,-,-,-,-,-,-,-,-,-,-,-,-,-,-,-
,358-1-1,-,-,358,1,1479-12-14,文明 11年 11 大 壬午 19-7009,"計算では19癸未, 後法興院政家記, 柳原家記録, 長興宿袮記などにより18 壬午 , 11月壬午朔のユリウス暦日は12月13日となる。これは臨時朔旦冬至を避けるため計算のままでは11月1日の冬至を11月2日にするための干支変更である。以上, 大日本史料第8編の11。",-,true,朔旦冬至,-,-,小,大,-,-,-,-,-,-,癸未,壬午,1479-12-14,1479-12-13,19,18,-1,-1,-,-,-
,384-1-a,-,384-1-1,384,-,1555-10-16,弘治 1年 10 小 癸亥 59-7699,-,変更なし,false,次月大小,-,-,小,小,-,-,-,-,-,-,-,-,-,-,-,-,-,-,-,-,-
,384-1-0,384-0-1,-,384,-,1555-11-14,弘治 1年 閏10 小 壬辰 28-5341,-,-,true,朔旦冬至,-,-,大,小,-,-,-,-,-,-,-,-,-,-,-,-,-,-,-,-,-
,384-1-1,384-0-1,-,384,1,1555-12-14,弘治 1年 11 大 辛酉 58-2774,"計算は58壬戌 , 実施は辛酉, 11月辛酉朔のユリウス暦日は12月13日である。",-,true,朔旦冬至,-,-,大,大,-,-,-,-,-,-,壬戌,辛酉,1555-12-14,1555-12-13,58,57,-1,-1,-,-,-
,384-2-1,384-0-1,-,384,2,1556-1-13,弘治 1年 12 大 辛卯 28-8054,"計算は28壬辰 , 実施は辛卯, 12月辛卯朔のユリウス暦日は1月12日である。",-,true,朔旦冬至,-,-,小,大,-,-,-,-,-,-,壬辰,辛卯,1556-1-13,1556-1-12,28,27,-1,-1,-,-,-
,384-0-1,-,-,384,-,1555-12-14/1556-1-13,-,"臨時朔旦冬至をさけるため冬至を11月2日にしたもの, 12月朔を壬辰から辛卯に変えないと11月が31日になってしまう。朔旦冬至旬部類古文書, 御湯殿上日記による。",-,false,-,-,-,-,-,-,-,-,-,-,-,-,-,-,-,-,-,-,-,-,-,-